STRUCTURE,STRUCTURE_ID,STRUCTURE_NAME,ACTION,REF_AREA,Reference area,FREQ,Frequency of observation,MEASURE,Measure,UNIT_MEASURE,Unit of measure,AGE,Age,SEX,Sex,SOCIO_ECON_STATUS,Socio-economic status,DEATH_CAUSE,Cause of death,CALC_METHODOLOGY,Calculation methodology,GESTATION_THRESHOLD,Gestation period threshold,HEALTH_STATUS,Health status,DISEASE,Disease,CANCER_SITE,Cancer site,TIME_PERIOD,Time period,OBS_VALUE,Observation value,DECIMALS,Decimals,OBS_STATUS,Observation status,OBS_STATUS2,Observation status 2,OBS_STATUS3,Observation status 3,UNIT_MULT,Unit multiplier
DATAFLOW,OECD.ELS.HD:DSD_HEALTH_STAT@DF_LE(1.0),Life expectancy,I,JPN,Japan,A,Annual,LFEXP,Life expectancy,Y,Years,Y0,0 years,_T,Total,_Z,Not applicable,_Z,Not applicable,_Z,Not applicable,_Z,Not applicable,_Z,Not applicable,_Z,Not applicable,_Z,Not applicable,2014,,83.7,,,,E,Estimated value,,,,,,
DATAFLOW,OECD.ELS.HD:DSD_HEALTH_STAT@DF_LE(1.0),Life expectancy,I,JPN,Japan,A,Annual,LFEXP,Life expectancy,Y,Years,Y0,0 years,_T,Total,_Z,Not applicable,_Z,Not applicable,_Z,Not applicable,_Z,Not applicable,_Z,Not applicable,_Z,Not applicable,_Z,Not applicable,2013,,83.4,,,,E,Estimated value,,,,,,
DATAFLOW,OECD.ELS.HD:DSD_HEALTH_STAT@DF_LE(1.0),Life expectancy,I,CAN,Canada,A,Annual,LFEXP,Life expectancy,Y,Years,Y0,0 years,_T,Total,_Z,Not applicable,_Z,Not applicable,_Z,Not applicable,_Z,Not applicable,_Z,Not applicable,_Z,Not applicable,_Z,Not applicable,2013,,81.8,,,,,,,,,,,
DATAFLOW,OECD.ELS.HD:DSD_HEALTH_STAT@DF_LE(1.0),Life expectancy,I,CAN,Canada,A,Annual,LFEXP,Life expectancy,Y,Years,Y0,0 years,_T,Total,_Z,Not applicable,_Z,Not applicable,_Z,Not applicable,_Z,Not applicable,_Z,Not applicable,_Z,Not applicable,_Z,Not applicable,2012,,81.8,,,,,,,,,,,
DATAFLOW,OECD.ELS.HD:DSD_HEALTH_STAT@DF_LE(1.0),Life expectancy,I,GRC,Greece,A,Annual,LFEXP,Life expectancy,Y,Years,Y0,0 years,F,Female,_Z,Not applicable,_Z,Not applicable,_Z,Not applicable,_Z,Not applicable,_Z,Not applicable,_Z,Not applicable,_Z,Not applicable,2004,,82.2,,,,,,,,,,,
DATAFLOW,OECD.ELS.HD:DSD_HEALTH_STAT@DF_LE(1.0),Life expectancy,I,GRC,Greece,A,Annual,LFEXP,Life expectancy,Y,Years,Y0,0 years,F,Female,_Z,Not applicable,_Z,Not applicable,_Z,Not applicable,_Z,Not applicable,_Z,Not applicable,_Z,Not applicable,_Z,Not applicable,2000,,81.3,,,,,,,,,,,
DATAFLOW,OECD.ELS.HD:DSD_HEALTH_STAT@DF_LE(1.0),Life expectancy,I,CAN,Canada,A,Annual,LFEXP,Life expectancy,Y,Years,Y0,0 years,_T,Total,_Z,Not applicable,_Z,Not applicable,_Z,Not applicable,_Z,Not applicable,_Z,Not applicable,_Z,Not applicable,_Z,Not applicable,2003,,79.8,,,,,,,,,,,
DATAFLOW,OECD.ELS.HD:DSD_HEALTH_STAT@DF_LE(1.0),Life expectancy,I,CAN,Canada,A,Annual,LFEXP,Life expectancy,Y,Years,Y0,0 years,_T,Total,_Z,Not applicable,_Z,Not applicable,_Z,Not applicable,_Z,Not applicable,_Z,Not applicable,_Z,Not applicable,_Z,Not applicable,2002,,79.6,,,,,,,,,,,
DATAFLOW,OECD.ELS.HD:DSD_HEALTH_STAT@DF_LE(1.0),Life expectancy,I,CAN,Canada,A,Annual,LFEXP,Life expectancy,Y,Years,Y0,0 years,_T,Total,_Z,Not applicable,_Z,Not applicable,_Z,Not applicable,_Z,Not applicable,_Z,Not applicable,_Z,Not applicable,_Z,Not applicable,2021,,81.6,,,,,,,,,,,
DATAFLOW,OECD.ELS.HD:DSD_HEALTH_STAT@DF_LE(1.0),Life expectancy,I,CAN,Canada,A,Annual,LFEXP,Life expectancy,Y,Years,Y0,0 years,_T,Total,_Z,Not applicable,_Z,Not applicable,_Z,Not applicable,_Z,Not applicable,_Z,Not applicable,_Z,Not applicable,_Z,Not applicable,2020,,81.7,,,,,,,,,,,
DATAFLOW,OECD.ELS.HD:DSD_HEALTH_STAT@DF_LE(1.0),Life expectancy,I,CAN,Canada,A,Annual,LFEXP,Life expectancy,Y,Years,Y0,0 years,_T,Total,_Z,Not applicable,_Z,Not applicable,_Z,Not applicable,_Z,Not applicable,_Z,Not applicable,_Z,Not applicable,_Z,Not applicable,2019,,82.3,,,,,,,,,,,
DATAFLOW,OECD.ELS.HD:DSD_HEALTH_STAT@DF_LE(1.0),Life expectancy,I,CAN,Canada,A,Annual,LFEXP,Life expectancy,Y,Years,Y0,0 years,_T,Total,_Z,Not applicable,_Z,Not applicable,_Z,Not applicable,_Z,Not applicable,_Z,Not applicable,_Z,Not applicable,_Z,Not applicable,2018,,81.9,,,,,,,,,,,
DATAFLOW,OECD.ELS.HD:DSD_HEALTH_STAT@DF_LE(1.0),Life expectancy,I,CAN,Canada,A,Annual,LFEXP,Life expectancy,Y,Years,Y0,0 years,_T,Total,_Z,Not applicable,_Z,Not applicable,_Z,Not applicable,_Z,Not applicable,_Z,Not applicable,_Z,Not applicable,_Z,Not applicable,2017,,81.9,,,,,,,,,,,
DATAFLOW,OECD.ELS.HD:DSD_HEALTH_STAT@DF_LE(1.0),Life expectancy,I,CAN,Canada,A,Annual,LFEXP,Life expectancy,Y,Years,Y0,0 years,_T,Total,_Z,Not applicable,_Z,Not applicable,_Z,Not applicable,_Z,Not applicable,_Z,Not applicable,_Z,Not applicable,_Z,Not applicable,2005,,80.2,,,,,,,,,,,
DATAFLOW,OECD.ELS.HD:DSD_HEALTH_STAT@DF_LE(1.0),Life expectancy,I,CAN,Canada,A,Annual,LFEXP,Life expectancy,Y,Years,Y0,0 years,_T,Total,_Z,Not applicable,_Z,Not applicable,_Z,Not applicable,_Z,Not applicable,_Z,Not applicable,_Z,Not applicable,_Z,Not applicable,2004,,80.1,,,,,,,,,,,
DATAFLOW,OECD.ELS.HD:DSD_HEALTH_STAT@DF_LE(1.0),Life expectancy,I,CAN,Canada,A,Annual,LFEXP,Life expectancy,Y,Years,Y0,0 years,_T,Total,_Z,Not applicable,_Z,Not applicable,_Z,Not applicable,_Z,Not applicable,_Z,Not applicable,_Z,Not applicable,_Z,Not applicable,2014,,81.9,,,,,,,,,,,
DATAFLOW,OECD.ELS.HD:DSD_HEALTH_STAT@DF_LE(1.0),Life expectancy,I,CAN,Canada,A,Annual,LFEXP,Life expectancy,Y,Years,Y0,0 years,_T,Total,_Z,Not applicable,_Z,Not applicable,_Z,Not applicable,_Z,Not applicable,_Z,Not applicable,_Z,Not applicable,_Z,Not applicable,2001,,79.5,,,,,,,,,,,
DATAFLOW,OECD.ELS.HD:DSD_HEALTH_STAT@DF_LE(1.0),Life expectancy,I,CAN,Canada,A,Annual,LFEXP,Life expectancy,Y,Years,Y0,0 years,_T,Total,_Z,Not applicable,_Z,Not applicable,_Z,Not applicable,_Z,Not applicable,_Z,Not applicable,_Z,Not applicable,_Z,Not applicable,2000,,79.3,,,,,,,,,,,
DATAFLOW,OECD.ELS.HD:DSD_HEALTH_STAT@DF_LE(1.0),Life expectancy,I,CAN,Canada,A,Annual,LFEXP,Life expectancy,Y,Years,Y0,0 years,_T,Total,_Z,Not applicable,_Z,Not applicable,_Z,Not applicable,_Z,Not applicable,_Z,Not applicable,_Z,Not applicable,_Z,Not applicable,2011,,81.6,,,,,,,,,,,
DATAFLOW,OECD.ELS.HD:DSD_HEALTH_STAT@DF_LE(1.0),Life expectancy,I,CAN,Canada,A,Annual,LFEXP,Life expectancy,Y,Years,Y0,0 years,_T,Total,_Z,Not applicable,_Z,Not applicable,_Z,Not applicable,_Z,Not applicable,_Z,Not applicable,_Z,Not applicable,_Z,Not applicable,2010,,81.4,,,,,,,,,,,
DATAFLOW,OECD.ELS.HD:DSD_HEALTH_STAT@DF_LE(1.0),Life expectancy,I,CAN,Canada,A,Annual,LFEXP,Life expectancy,Y,Years,Y0,0 years,_T,Total,_Z,Not applicable,_Z,Not applicable,_Z,Not applicable,_Z,Not applicable,_Z,Not applicable,_Z,Not applicable,_Z,Not applicable,2009,,81.2,,,,,,,,,,,
DATAFLOW,OECD.ELS.HD:DSD_HEALTH_STAT@DF_LE(1.0),Life expectancy,I,CAN,Canada,A,Annual,LFEXP,Life expectancy,Y,Years,Y0,0 years,_T,Total,_Z,Not applicable,_Z,Not applicable,_Z,Not applicable,_Z,Not applicable,_Z,Not applicable,_Z,Not applicable,_Z,Not applicable,2008,,80.8,,,,,,,,,,,
DATAFLOW,OECD.ELS.HD:DSD_HEALTH_STAT@DF_LE(1.0),Life expectancy,I,CAN,Canada,A,Annual,LFEXP,Life expectancy,Y,Years,Y0,0 years,_T,Total,_Z,Not applicable,_Z,Not applicable,_Z,Not applicable,_Z,Not applicable,_Z,Not applicable,_Z,Not applicable,_Z,Not applicable,2007,,80.7,,,,,,,,,,,
DATAFLOW,OECD.ELS.HD:DSD_HEALTH_STAT@DF_LE(1.0),Life expectancy,I,CAN,Canada,A,Annual,LFEXP,Life expectancy,Y,Years,Y0,0 years,_T,Total,_Z,Not applicable,_Z,Not applicable,_Z,Not applicable,_Z,Not applicable,_Z,Not applicable,_Z,Not applicable,_Z,Not applicable,2006,,80.7,,,,,,,,,,,
DATAFLOW,OECD.ELS.HD:DSD_HEALTH_STAT@DF_LE(1.0),Life expectancy,I,CRI,Costa Rica,A,Annual,LFEXP,Life expectancy,Y,Years,Y0,0 years,_T,Total,_Z,Not applicable,_Z,Not applicable,_Z,Not applicable,_Z,Not applicable,_Z,Not applicable,_Z,Not applicable,_Z,Not applicable,1999,,77.3,,,,,,,,,,,
DATAFLOW,OECD.ELS.HD:DSD_HEALTH_STAT@DF_LE(1.0),Life expectancy,I,CRI,Costa Rica,A,Annual,LFEXP,Life expectancy,Y,Years,Y0,0 years,_T,Total,_Z,Not applicable,_Z,Not applicable,_Z,Not applicable,_Z,Not applicable,_Z,Not applicable,_Z,Not applicable,_Z,Not applicable,1998,,77.1,,,,,,,,,,,
DATAFLOW,OECD.ELS.HD:DSD_HEALTH_STAT@DF_LE(1.0),Life expectancy,I,CRI,Costa Rica,A,Annual,LFEXP,Life expectancy,Y,Years,Y0,0 years,_T,Total,_Z,Not applicable,_Z,Not applicable,_Z,Not applicable,_Z,Not applicable,_Z,Not applicable,_Z,Not applicable,_Z,Not applicable,2013,,79.6,,,,,,,,,,,
DATAFLOW,OECD.ELS.HD:DSD_HEALTH_STAT@DF_LE(1.0),Life expectancy,I,CRI,Costa Rica,A,Annual,LFEXP,Life expectancy,Y,Years,Y0,0 years,_T,Total,_Z,Not applicable,_Z,Not applicable,_Z,Not applicable,_Z,Not applicable,_Z,Not applicable,_Z,Not applicable,_Z,Not applicable,2012,,79.4,,,,,,,,,,,
DATAFLOW,OECD.ELS.HD:DSD_HEALTH_STAT@DF_LE(1.0),Life expectancy,I,CRI,Costa Rica,A,Annual,LFEXP,Life expectancy,Y,Years,Y0,0 years,_T,Total,_Z,Not applicable,_Z,Not applicable,_Z,Not applicable,_Z,Not applicable,_Z,Not applicable,_Z,Not applicable,_Z,Not applicable,2011,,79.1,,,,,,,,,,,
DATAFLOW,OECD.ELS.HD:DSD_HEALTH_STAT@DF_LE(1.0),Life expectancy,I,CRI,Costa Rica,A,Annual,LFEXP,Life expectancy,Y,Years,Y0,0 years,_T,Total,_Z,Not applicable,_Z,Not applicable,_Z,Not applicable,_Z,Not applicable,_Z,Not applicable,_Z,Not applicable,_Z,Not applicable,2000,,77.8,,,,B,Time series break,,,,,,
DATAFLOW,OECD.ELS.HD:DSD_HEALTH_STAT@DF_LE(1.0),Life expectancy,I,CRI,Costa Rica,A,Annual,LFEXP,Life expectancy,Y,Years,Y0,0 years,_T,Total,_Z,Not applicable,_Z,Not applicable,_Z,Not applicable,_Z,Not applicable,_Z,Not applicable,_Z,Not applicable,_Z,Not applicable,2023,,81,,,,,,,,,,,
DATAFLOW,OECD.ELS.HD:DSD_HEALTH_STAT@DF_LE(1.0),Life expectancy,I,CRI,Costa Rica,A,Annual,LFEXP,Life expectancy,Y,Years,Y0,0 years,_T,Total,_Z,Not applicable,_Z,Not applicable,_Z,Not applicable,_Z,Not applicable,_Z,Not applicable,_Z,Not applicable,_Z,Not applicable,2022,,80.9,,,,,,,,,,,
DATAFLOW,OECD.ELS.HD:DSD_HEALTH_STAT@DF_LE(1.0),Life expectancy,I,CRI,Costa Rica,A,Annual,LFEXP,Life expectancy,Y,Years,Y0,0 years,_T,Total,_Z,Not applicable,_Z,Not applicable,_Z,Not applicable,_Z,Not applicable,_Z,Not applicable,_Z,Not applicable,_Z,Not applicable,2021,,80.8,,,,,,,,,,,
DATAFLOW,OECD.ELS.HD:DSD_HEALTH_STAT@DF_LE(1.0),Life expectancy,I,CRI,Costa Rica,A,Annual,LFEXP,Life expectancy,Y,Years,Y0,0 years,_T,Total,_Z,Not applicable,_Z,Not applicable,_Z,Not applicable,_Z,Not applicable,_Z,Not applicable,_Z,Not applicable,_Z,Not applicable,2020,,80.6,,,,,,,,,,,
DATAFLOW,OECD.ELS.HD:DSD_HEALTH_STAT@DF_LE(1.0),Life expectancy,I,CAN,Canada,A,Annual,LFEXP,Life expectancy,Y,Years,Y0,0 years,_T,Total,_Z,Not applicable,_Z,Not applicable,_Z,Not applicable,_Z,Not applicable,_Z,Not applicable,_Z,Not applicable,_Z,Not applicable,1999,,78.9,,,,,,,,,,,
DATAFLOW,OECD.ELS.HD:DSD_HEALTH_STAT@DF_LE(1.0),Life expectancy,I,CAN,Canada,A,Annual,LFEXP,Life expectancy,Y,Years,Y0,0 years,_T,Total,_Z,Not applicable,_Z,Not applicable,_Z,Not applicable,_Z,Not applicable,_Z,Not applicable,_Z,Not applicable,_Z,Not applicable,1998,,78.7,,,,,,,,,,,
DATAFLOW,OECD.ELS.HD:DSD_HEALTH_STAT@DF_LE(1.0),Life expectancy,I,CRI,Costa Rica,A,Annual,LFEXP,Life expectancy,Y,Years,Y0,0 years,_T,Total,_Z,Not applicable,_Z,Not applicable,_Z,Not applicable,_Z,Not applicable,_Z,Not applicable,_Z,Not applicable,_Z,Not applicable,2017,,80.2,,,,,,,,,,,
DATAFLOW,OECD.ELS.HD:DSD_HEALTH_STAT@DF_LE(1.0),Life expectancy,I,CRI,Costa Rica,A,Annual,LFEXP,Life expectancy,Y,Years,Y0,0 years,_T,Total,_Z,Not applicable,_Z,Not applicable,_Z,Not applicable,_Z,Not applicable,_Z,Not applicable,_Z,Not applicable,_Z,Not applicable,2016,,80,,,,,,,,,,,
DATAFLOW,OECD.ELS.HD:DSD_HEALTH_STAT@DF_LE(1.0),Life expectancy,I,CRI,Costa Rica,A,Annual,LFEXP,Life expectancy,Y,Years,Y0,0 years,_T,Total,_Z,Not applicable,_Z,Not applicable,_Z,Not applicable,_Z,Not applicable,_Z,Not applicable,_Z,Not applicable,_Z,Not applicable,2015,,79.9,,,,,,,,,,,
DATAFLOW,OECD.ELS.HD:DSD_HEALTH_STAT@DF_LE(1.0),Life expectancy,I,CRI,Costa Rica,A,Annual,LFEXP,Life expectancy,Y,Years,Y0,0 years,_T,Total,_Z,Not applicable,_Z,Not applicable,_Z,Not applicable,_Z,Not applicable,_Z,Not applicable,_Z,Not applicable,_Z,Not applicable,2014,,79.7,,,,,,,,,,,
DATAFLOW,OECD.ELS.HD:DSD_HEALTH_STAT@DF_LE(1.0),Life expectancy,I,CRI,Costa Rica,A,Annual,LFEXP,Life expectancy,Y,Years,Y0,0 years,_T,Total,_Z,Not applicable,_Z,Not applicable,_Z,Not applicable,_Z,Not applicable,_Z,Not applicable,_Z,Not applicable,_Z,Not applicable,2010,,79.1,,,,,,,,,,,
DATAFLOW,OECD.ELS.HD:DSD_HEALTH_STAT@DF_LE(1.0),Life expectancy,I,CRI,Costa Rica,A,Annual,LFEXP,Life expectancy,Y,Years,Y0,0 years,_T,Total,_Z,Not applicable,_Z,Not applicable,_Z,Not applicable,_Z,Not applicable,_Z,Not applicable,_Z,Not applicable,_Z,Not applicable,2009,,79.4,,,,,,,,,,,
DATAFLOW,OECD.ELS.HD:DSD_HEALTH_STAT@DF_LE(1.0),Life expectancy,I,CRI,Costa Rica,A,Annual,LFEXP,Life expectancy,Y,Years,Y0,0 years,_T,Total,_Z,Not applicable,_Z,Not applicable,_Z,Not applicable,_Z,Not applicable,_Z,Not applicable,_Z,Not applicable,_Z,Not applicable,2008,,79.3,,,,,,,,,,,
DATAFLOW,OECD.ELS.HD:DSD_HEALTH_STAT@DF_LE(1.0),Life expectancy,I,CRI,Costa Rica,A,Annual,LFEXP,Life expectancy,Y,Years,Y0,0 years,_T,Total,_Z,Not applicable,_Z,Not applicable,_Z,Not applicable,_Z,Not applicable,_Z,Not applicable,_Z,Not applicable,_Z,Not applicable,2007,,79.1,,,,,,,,,,,
DATAFLOW,OECD.ELS.HD:DSD_HEALTH_STAT@DF_LE(1.0),Life expectancy,I,CRI,Costa Rica,A,Annual,LFEXP,Life expectancy,Y,Years,Y0,0 years,_T,Total,_Z,Not applicable,_Z,Not applicable,_Z,Not applicable,_Z,Not applicable,_Z,Not applicable,_Z,Not applicable,_Z,Not applicable,2006,,79,,,,,,,,,,,
DATAFLOW,OECD.ELS.HD:DSD_HEALTH_STAT@DF_LE(1.0),Life expectancy,I,CRI,Costa Rica,A,Annual,LFEXP,Life expectancy,Y,Years,Y0,0 years,_T,Total,_Z,Not applicable,_Z,Not applicable,_Z,Not applicable,_Z,Not applicable,_Z,Not applicable,_Z,Not applicable,_Z,Not applicable,2005,,78.8,,,,,,,,,,,
DATAFLOW,OECD.ELS.HD:DSD_HEALTH_STAT@DF_LE(1.0),Life expectancy,I,CRI,Costa Rica,A,Annual,LFEXP,Life expectancy,Y,Years,Y0,0 years,_T,Total,_Z,Not applicable,_Z,Not applicable,_Z,Not applicable,_Z,Not applicable,_Z,Not applicable,_Z,Not applicable,_Z,Not applicable,2004,,78.6,,,,,,,,,,,
DATAFLOW,OECD.ELS.HD:DSD_HEALTH_STAT@DF_LE(1.0),Life expectancy,I,CRI,Costa Rica,A,Annual,LFEXP,Life expectancy,Y,Years,Y0,0 years,_T,Total,_Z,Not applicable,_Z,Not applicable,_Z,Not applicable,_Z,Not applicable,_Z,Not applicable,_Z,Not applicable,_Z,Not applicable,2003,,78.5,,,,,,,,,,,
DATAFLOW,OECD.ELS.HD:DSD_HEALTH_STAT@DF_LE(1.0),Life expectancy,I,CRI,Costa Rica,A,Annual,LFEXP,Life expectancy,Y,Years,Y0,0 years,_T,Total,_Z,Not applicable,_Z,Not applicable,_Z,Not applicable,_Z,Not applicable,_Z,Not applicable,_Z,Not applicable,_Z,Not applicable,2002,,78.3,,,,,,,,,,,
DATAFLOW,OECD.ELS.HD:DSD_HEALTH_STAT@DF_LE(1.0),Life expectancy,I,CRI,Costa Rica,A,Annual,LFEXP,Life expectancy,Y,Years,Y0,0 years,_T,Total,_Z,Not applicable,_Z,Not applicable,_Z,Not applicable,_Z,Not applicable,_Z,Not applicable,_Z,Not applicable,_Z,Not applicable,2001,,78.1,,,,,,,,,,,
DATAFLOW,OECD.ELS.HD:DSD_HEALTH_STAT@DF_LE(1.0),Life expectancy,I,CAN,Canada,A,Annual,LFEXP,Life expectancy,Y,Years,Y0,0 years,M,Male,_Z,Not applicable,_Z,Not applicable,_Z,Not applicable,_Z,Not applicable,_Z,Not applicable,_Z,Not applicable,_Z,Not applicable,2007,,78.3,,,,,,,,,,,
DATAFLOW,OECD.ELS.HD:DSD_HEALTH_STAT@DF_LE(1.0),Life expectancy,I,CAN,Canada,A,Annual,LFEXP,Life expectancy,Y,Years,Y0,0 years,M,Male,_Z,Not applicable,_Z,Not applicable,_Z,Not applicable,_Z,Not applicable,_Z,Not applicable,_Z,Not applicable,_Z,Not applicable,2004,,77.7,,,,,,,,,,,
DATAFLOW,OECD.ELS.HD:DSD_HEALTH_STAT@DF_LE(1.0),Life expectancy,I,CAN,Canada,A,Annual,LFEXP,Life expectancy,Y,Years,Y0,0 years,M,Male,_Z,Not applicable,_Z,Not applicable,_Z,Not applicable,_Z,Not applicable,_Z,Not applicable,_Z,Not applicable,_Z,Not applicable,2013,,79.7,,,,,,,,,,,
DATAFLOW,OECD.ELS.HD:DSD_HEALTH_STAT@DF_LE(1.0),Life expectancy,I,CAN,Canada,A,Annual,LFEXP,Life expectancy,Y,Years,Y0,0 years,M,Male,_Z,Not applicable,_Z,Not applicable,_Z,Not applicable,_Z,Not applicable,_Z,Not applicable,_Z,Not applicable,_Z,Not applicable,2012,,79.6,,,,,,,,,,,
DATAFLOW,OECD.ELS.HD:DSD_HEALTH_STAT@DF_LE(1.0),Life expectancy,I,CAN,Canada,A,Annual,LFEXP,Life expectancy,Y,Years,Y0,0 years,M,Male,_Z,Not applicable,_Z,Not applicable,_Z,Not applicable,_Z,Not applicable,_Z,Not applicable,_Z,Not applicable,_Z,Not applicable,2006,,78.3,,,,,,,,,,,
DATAFLOW,OECD.ELS.HD:DSD_HEALTH_STAT@DF_LE(1.0),Life expectancy,I,CAN,Canada,A,Annual,LFEXP,Life expectancy,Y,Years,Y0,0 years,M,Male,_Z,Not applicable,_Z,Not applicable,_Z,Not applicable,_Z,Not applicable,_Z,Not applicable,_Z,Not applicable,_Z,Not applicable,2005,,77.8,,,,,,,,,,,
DATAFLOW,OECD.ELS.HD:DSD_HEALTH_STAT@DF_LE(1.0),Life expectancy,I,CAN,Canada,A,Annual,LFEXP,Life expectancy,Y,Years,Y0,0 years,M,Male,_Z,Not applicable,_Z,Not applicable,_Z,Not applicable,_Z,Not applicable,_Z,Not applicable,_Z,Not applicable,_Z,Not applicable,2003,,77.3,,,,,,,,,,,
DATAFLOW,OECD.ELS.HD:DSD_HEALTH_STAT@DF_LE(1.0),Life expectancy,I,CAN,Canada,A,Annual,LFEXP,Life expectancy,Y,Years,Y0,0 years,M,Male,_Z,Not applicable,_Z,Not applicable,_Z,Not applicable,_Z,Not applicable,_Z,Not applicable,_Z,Not applicable,_Z,Not applicable,2002,,77.2,,,,,,,,,,,
DATAFLOW,OECD.ELS.HD:DSD_HEALTH_STAT@DF_LE(1.0),Life expectancy,I,CAN,Canada,A,Annual,LFEXP,Life expectancy,Y,Years,Y0,0 years,M,Male,_Z,Not applicable,_Z,Not applicable,_Z,Not applicable,_Z,Not applicable,_Z,Not applicable,_Z,Not applicable,_Z,Not applicable,2021,,79.3,,,,,,,,,,,
DATAFLOW,OECD.ELS.HD:DSD_HEALTH_STAT@DF_LE(1.0),Life expectancy,I,CAN,Canada,A,Annual,LFEXP,Life expectancy,Y,Years,Y0,0 years,M,Male,_Z,Not applicable,_Z,Not applicable,_Z,Not applicable,_Z,Not applicable,_Z,Not applicable,_Z,Not applicable,_Z,Not applicable,2020,,79.5,,,,,,,,,,,
DATAFLOW,OECD.ELS.HD:DSD_HEALTH_STAT@DF_LE(1.0),Life expectancy,I,CAN,Canada,A,Annual,LFEXP,Life expectancy,Y,Years,Y0,0 years,M,Male,_Z,Not applicable,_Z,Not applicable,_Z,Not applicable,_Z,Not applicable,_Z,Not applicable,_Z,Not applicable,_Z,Not applicable,2019,,80.2,,,,,,,,,,,
DATAFLOW,OECD.ELS.HD:DSD_HEALTH_STAT@DF_LE(1.0),Life expectancy,I,CAN,Canada,A,Annual,LFEXP,Life expectancy,Y,Years,Y0,0 years,M,Male,_Z,Not applicable,_Z,Not applicable,_Z,Not applicable,_Z,Not applicable,_Z,Not applicable,_Z,Not applicable,_Z,Not applicable,2018,,79.8,,,,,,,,,,,
DATAFLOW,OECD.ELS.HD:DSD_HEALTH_STAT@DF_LE(1.0),Life expectancy,I,CAN,Canada,A,Annual,LFEXP,Life expectancy,Y,Years,Y0,0 years,M,Male,_Z,Not applicable,_Z,Not applicable,_Z,Not applicable,_Z,Not applicable,_Z,Not applicable,_Z,Not applicable,_Z,Not applicable,2017,,79.8,,,,,,,,,,,
DATAFLOW,OECD.ELS.HD:DSD_HEALTH_STAT@DF_LE(1.0),Life expectancy,I,CAN,Canada,A,Annual,LFEXP,Life expectancy,Y,Years,Y0,0 years,M,Male,_Z,Not applicable,_Z,Not applicable,_Z,Not applicable,_Z,Not applicable,_Z,Not applicable,_Z,Not applicable,_Z,Not applicable,2016,,79.9,,,,,,,,,,,
DATAFLOW,OECD.ELS.HD:DSD_HEALTH_STAT@DF_LE(1.0),Life expectancy,I,CAN,Canada,A,Annual,LFEXP,Life expectancy,Y,Years,Y0,0 years,M,Male,_Z,Not applicable,_Z,Not applicable,_Z,Not applicable,_Z,Not applicable,_Z,Not applicable,_Z,Not applicable,_Z,Not applicable,2015,,79.9,,,,,,,,,,,
DATAFLOW,OECD.ELS.HD:DSD_HEALTH_STAT@DF_LE(1.0),Life expectancy,I,CAN,Canada,A,Annual,LFEXP,Life expectancy,Y,Years,Y0,0 years,M,Male,_Z,Not applicable,_Z,Not applicable,_Z,Not applicable,_Z,Not applicable,_Z,Not applicable,_Z,Not applicable,_Z,Not applicable,2014,,79.8,,,,,,,,,,,
DATAFLOW,OECD.ELS.HD:DSD_HEALTH_STAT@DF_LE(1.0),Life expectancy,I,CAN,Canada,A,Annual,LFEXP,Life expectancy,Y,Years,Y0,0 years,M,Male,_Z,Not applicable,_Z,Not applicable,_Z,Not applicable,_Z,Not applicable,_Z,Not applicable,_Z,Not applicable,_Z,Not applicable,2001,,76.9,,,,,,,,,,,
DATAFLOW,OECD.ELS.HD:DSD_HEALTH_STAT@DF_LE(1.0),Life expectancy,I,CAN,Canada,A,Annual,LFEXP,Life expectancy,Y,Years,Y0,0 years,M,Male,_Z,Not applicable,_Z,Not applicable,_Z,Not applicable,_Z,Not applicable,_Z,Not applicable,_Z,Not applicable,_Z,Not applicable,2000,,76.6,,,,,,,,,,,
DATAFLOW,OECD.ELS.HD:DSD_HEALTH_STAT@DF_LE(1.0),Life expectancy,I,CAN,Canada,A,Annual,LFEXP,Life expectancy,Y,Years,Y0,0 years,M,Male,_Z,Not applicable,_Z,Not applicable,_Z,Not applicable,_Z,Not applicable,_Z,Not applicable,_Z,Not applicable,_Z,Not applicable,1999,,76.2,,,,,,,,,,,
DATAFLOW,OECD.ELS.HD:DSD_HEALTH_STAT@DF_LE(1.0),Life expectancy,I,CAN,Canada,A,Annual,LFEXP,Life expectancy,Y,Years,Y0,0 years,M,Male,_Z,Not applicable,_Z,Not applicable,_Z,Not applicable,_Z,Not applicable,_Z,Not applicable,_Z,Not applicable,_Z,Not applicable,1998,,76,,,,,,,,,,,
DATAFLOW,OECD.ELS.HD:DSD_HEALTH_STAT@DF_LE(1.0),Life expectancy,I,CAN,Canada,A,Annual,LFEXP,Life expectancy,Y,Years,Y0,0 years,M,Male,_Z,Not applicable,_Z,Not applicable,_Z,Not applicable,_Z,Not applicable,_Z,Not applicable,_Z,Not applicable,_Z,Not applicable,2011,,79.4,,,,,,,,,,,
DATAFLOW,OECD.ELS.HD:DSD_HEALTH_STAT@DF_LE(1.0),Life expectancy,I,CAN,Canada,A,Annual,LFEXP,Life expectancy,Y,Years,Y0,0 years,M,Male,_Z,Not applicable,_Z,Not applicable,_Z,Not applicable,_Z,Not applicable,_Z,Not applicable,_Z,Not applicable,_Z,Not applicable,2010,,79.2,,,,,,,,,,,
DATAFLOW,OECD.ELS.HD:DSD_HEALTH_STAT@DF_LE(1.0),Life expectancy,I,CAN,Canada,A,Annual,LFEXP,Life expectancy,Y,Years,Y0,0 years,M,Male,_Z,Not applicable,_Z,Not applicable,_Z,Not applicable,_Z,Not applicable,_Z,Not applicable,_Z,Not applicable,_Z,Not applicable,2009,,78.9,,,,,,,,,,,
DATAFLOW,OECD.ELS.HD:DSD_HEALTH_STAT@DF_LE(1.0),Life expectancy,I,CAN,Canada,A,Annual,LFEXP,Life expectancy,Y,Years,Y0,0 years,M,Male,_Z,Not applicable,_Z,Not applicable,_Z,Not applicable,_Z,Not applicable,_Z,Not applicable,_Z,Not applicable,_Z,Not applicable,2008,,78.5,,,,,,,,,,,
DATAFLOW,OECD.ELS.HD:DSD_HEALTH_STAT@DF_LE(1.0),Life expectancy,I,JPN,Japan,A,Annual,LFEXP,Life expectancy,Y,Years,Y0,0 years,M,Male,_Z,Not applicable,_Z,Not applicable,_Z,Not applicable,_Z,Not applicable,_Z,Not applicable,_Z,Not applicable,_Z,Not applicable,2013,,80.2,,,,,,,,,,,
DATAFLOW,OECD.ELS.HD:DSD_HEALTH_STAT@DF_LE(1.0),Life expectancy,I,JPN,Japan,A,Annual,LFEXP,Life expectancy,Y,Years,Y0,0 years,M,Male,_Z,Not applicable,_Z,Not applicable,_Z,Not applicable,_Z,Not applicable,_Z,Not applicable,_Z,Not applicable,_Z,Not applicable,2012,,79.9,,,,,,,,,,,
DATAFLOW,OECD.ELS.HD:DSD_HEALTH_STAT@DF_LE(1.0),Life expectancy,I,JPN,Japan,A,Annual,LFEXP,Life expectancy,Y,Years,Y0,0 years,M,Male,_Z,Not applicable,_Z,Not applicable,_Z,Not applicable,_Z,Not applicable,_Z,Not applicable,_Z,Not applicable,_Z,Not applicable,2001,,78.1,,,,,,,,,,,
DATAFLOW,OECD.ELS.HD:DSD_HEALTH_STAT@DF_LE(1.0),Life expectancy,I,JPN,Japan,A,Annual,LFEXP,Life expectancy,Y,Years,Y0,0 years,M,Male,_Z,Not applicable,_Z,Not applicable,_Z,Not applicable,_Z,Not applicable,_Z,Not applicable,_Z,Not applicable,_Z,Not applicable,2000,,77.7,,,,,,,,,,,
DATAFLOW,OECD.ELS.HD:DSD_HEALTH_STAT@DF_LE(1.0),Life expectancy,I,CAN,Canada,A,Annual,LFEXP,Life expectancy,Y,Years,Y0,0 years,_T,Total,_Z,Not applicable,_Z,Not applicable,_Z,Not applicable,_Z,Not applicable,_Z,Not applicable,_Z,Not applicable,_Z,Not applicable,2016,,82,,,,,,,,,,,
DATAFLOW,OECD.ELS.HD:DSD_HEALTH_STAT@DF_LE(1.0),Life expectancy,I,CAN,Canada,A,Annual,LFEXP,Life expectancy,Y,Years,Y0,0 years,_T,Total,_Z,Not applicable,_Z,Not applicable,_Z,Not applicable,_Z,Not applicable,_Z,Not applicable,_Z,Not applicable,_Z,Not applicable,2015,,81.9,,,,,,,,,,,
DATAFLOW,OECD.ELS.HD:DSD_HEALTH_STAT@DF_LE(1.0),Life expectancy,I,JPN,Japan,A,Annual,LFEXP,Life expectancy,Y,Years,Y0,0 years,M,Male,_Z,Not applicable,_Z,Not applicable,_Z,Not applicable,_Z,Not applicable,_Z,Not applicable,_Z,Not applicable,_Z,Not applicable,2011,,79.4,,,,,,,,,,,
DATAFLOW,OECD.ELS.HD:DSD_HEALTH_STAT@DF_LE(1.0),Life expectancy,I,JPN,Japan,A,Annual,LFEXP,Life expectancy,Y,Years,Y0,0 years,M,Male,_Z,Not applicable,_Z,Not applicable,_Z,Not applicable,_Z,Not applicable,_Z,Not applicable,_Z,Not applicable,_Z,Not applicable,2010,,79.6,,,,,,,,,,,
DATAFLOW,OECD.ELS.HD:DSD_HEALTH_STAT@DF_LE(1.0),Life expectancy,I,JPN,Japan,A,Annual,LFEXP,Life expectancy,Y,Years,Y0,0 years,M,Male,_Z,Not applicable,_Z,Not applicable,_Z,Not applicable,_Z,Not applicable,_Z,Not applicable,_Z,Not applicable,_Z,Not applicable,2009,,79.6,,,,,,,,,,,
DATAFLOW,OECD.ELS.HD:DSD_HEALTH_STAT@DF_LE(1.0),Life expectancy,I,JPN,Japan,A,Annual,LFEXP,Life expectancy,Y,Years,Y0,0 years,M,Male,_Z,Not applicable,_Z,Not applicable,_Z,Not applicable,_Z,Not applicable,_Z,Not applicable,_Z,Not applicable,_Z,Not applicable,2008,,79.3,,,,,,,,,,,
DATAFLOW,OECD.ELS.HD:DSD_HEALTH_STAT@DF_LE(1.0),Life expectancy,I,JPN,Japan,A,Annual,LFEXP,Life expectancy,Y,Years,Y0,0 years,M,Male,_Z,Not applicable,_Z,Not applicable,_Z,Not applicable,_Z,Not applicable,_Z,Not applicable,_Z,Not applicable,_Z,Not applicable,2007,,79.2,,,,,,,,,,,
DATAFLOW,OECD.ELS.HD:DSD_HEALTH_STAT@DF_LE(1.0),Life expectancy,I,JPN,Japan,A,Annual,LFEXP,Life expectancy,Y,Years,Y0,0 years,M,Male,_Z,Not applicable,_Z,Not applicable,_Z,Not applicable,_Z,Not applicable,_Z,Not applicable,_Z,Not applicable,_Z,Not applicable,2006,,79,,,,,,,,,,,
DATAFLOW,OECD.ELS.HD:DSD_HEALTH_STAT@DF_LE(1.0),Life expectancy,I,JPN,Japan,A,Annual,LFEXP,Life expectancy,Y,Years,Y0,0 years,M,Male,_Z,Not applicable,_Z,Not applicable,_Z,Not applicable,_Z,Not applicable,_Z,Not applicable,_Z,Not applicable,_Z,Not applicable,2005,,78.6,,,,,,,,,,,
DATAFLOW,OECD.ELS.HD:DSD_HEALTH_STAT@DF_LE(1.0),Life expectancy,I,JPN,Japan,A,Annual,LFEXP,Life expectancy,Y,Years,Y0,0 years,M,Male,_Z,Not applicable,_Z,Not applicable,_Z,Not applicable,_Z,Not applicable,_Z,Not applicable,_Z,Not applicable,_Z,Not applicable,2004,,78.6,,,,,,,,,,,
DATAFLOW,OECD.ELS.HD:DSD_HEALTH_STAT@DF_LE(1.0),Life expectancy,I,JPN,Japan,A,Annual,LFEXP,Life expectancy,Y,Years,Y0,0 years,M,Male,_Z,Not applicable,_Z,Not applicable,_Z,Not applicable,_Z,Not applicable,_Z,Not applicable,_Z,Not applicable,_Z,Not applicable,2003,,78.4,,,,,,,,,,,
DATAFLOW,OECD.ELS.HD:DSD_HEALTH_STAT@DF_LE(1.0),Life expectancy,I,JPN,Japan,A,Annual,LFEXP,Life expectancy,Y,Years,Y0,0 years,M,Male,_Z,Not applicable,_Z,Not applicable,_Z,Not applicable,_Z,Not applicable,_Z,Not applicable,_Z,Not applicable,_Z,Not applicable,2002,,78.3,,,,,,,,,,,
DATAFLOW,OECD.ELS.HD:DSD_HEALTH_STAT@DF_LE(1.0),Life expectancy,I,JPN,Japan,A,Annual,LFEXP,Life expectancy,Y,Years,Y0,0 years,M,Male,_Z,Not applicable,_Z,Not applicable,_Z,Not applicable,_Z,Not applicable,_Z,Not applicable,_Z,Not applicable,_Z,Not applicable,2022,,81.1,,,,,,,,,,,
DATAFLOW,OECD.ELS.HD:DSD_HEALTH_STAT@DF_LE(1.0),Life expectancy,I,JPN,Japan,A,Annual,LFEXP,Life expectancy,Y,Years,Y0,0 years,M,Male,_Z,Not applicable,_Z,Not applicable,_Z,Not applicable,_Z,Not applicable,_Z,Not applicable,_Z,Not applicable,_Z,Not applicable,2021,,81.5,,,,,,,,,,,
DATAFLOW,OECD.ELS.HD:DSD_HEALTH_STAT@DF_LE(1.0),Life expectancy,I,JPN,Japan,A,Annual,LFEXP,Life expectancy,Y,Years,Y0,0 years,M,Male,_Z,Not applicable,_Z,Not applicable,_Z,Not applicable,_Z,Not applicable,_Z,Not applicable,_Z,Not applicable,_Z,Not applicable,2020,,81.6,,,,,,,,,,,
DATAFLOW,OECD.ELS.HD:DSD_HEALTH_STAT@DF_LE(1.0),Life expectancy,I,JPN,Japan,A,Annual,LFEXP,Life expectancy,Y,Years,Y0,0 years,M,Male,_Z,Not applicable,_Z,Not applicable,_Z,Not applicable,_Z,Not applicable,_Z,Not applicable,_Z,Not applicable,_Z,Not applicable,2019,,81.4,,,,,,,,,,,
DATAFLOW,OECD.ELS.HD:DSD_HEALTH_STAT@DF_LE(1.0),Life expectancy,I,JPN,Japan,A,Annual,LFEXP,Life expectancy,Y,Years,Y0,0 years,M,Male,_Z,Not applicable,_Z,Not applicable,_Z,Not applicable,_Z,Not applicable,_Z,Not applicable,_Z,Not applicable,_Z,Not applicable,2018,,81.3,,,,,,,,,,,
DATAFLOW,OECD.ELS.HD:DSD_HEALTH_STAT@DF_LE(1.0),Life expectancy,I,JPN,Japan,A,Annual,LFEXP,Life expectancy,Y,Years,Y0,0 years,M,Male,_Z,Not applicable,_Z,Not applicable,_Z,Not applicable,_Z,Not applicable,_Z,Not applicable,_Z,Not applicable,_Z,Not applicable,2017,,81.1,,,,,,,,,,,
DATAFLOW,OECD.ELS.HD:DSD_HEALTH_STAT@DF_LE(1.0),Life expectancy,I,JPN,Japan,A,Annual,LFEXP,Life expectancy,Y,Years,Y0,0 years,M,Male,_Z,Not applicable,_Z,Not applicable,_Z,Not applicable,_Z,Not applicable,_Z,Not applicable,_Z,Not applicable,_Z,Not applicable,2016,,81,,,,,,,,,,,
DATAFLOW,OECD.ELS.HD:DSD_HEALTH_STAT@DF_LE(1.0),Life expectancy,I,JPN,Japan,A,Annual,LFEXP,Life expectancy,Y,Years,Y0,0 years,M,Male,_Z,Not applicable,_Z,Not applicable,_Z,Not applicable,_Z,Not applicable,_Z,Not applicable,_Z,Not applicable,_Z,Not applicable,2015,,80.8,,,,,,,,,,,
DATAFLOW,OECD.ELS.HD:DSD_HEALTH_STAT@DF_LE(1.0),Life expectancy,I,JPN,Japan,A,Annual,LFEXP,Life expectancy,Y,Years,Y0,0 years,M,Male,_Z,Not applicable,_Z,Not applicable,_Z,Not applicable,_Z,Not applicable,_Z,Not applicable,_Z,Not applicable,_Z,Not applicable,2014,,80.5,,,,,,,,,,,
DATAFLOW,OECD.ELS.HD:DSD_HEALTH_STAT@DF_LE(1.0),Life expectancy,I,CRI,Costa Rica,A,Annual,LFEXP,Life expectancy,Y,Years,Y0,0 years,M,Male,_Z,Not applicable,_Z,Not applicable,_Z,Not applicable,_Z,Not applicable,_Z,Not applicable,_Z,Not applicable,_Z,Not applicable,2010,,76.6,,,,,,,,,,,
DATAFLOW,OECD.ELS.HD:DSD_HEALTH_STAT@DF_LE(1.0),Life expectancy,I,CRI,Costa Rica,A,Annual,LFEXP,Life expectancy,Y,Years,Y0,0 years,M,Male,_Z,Not applicable,_Z,Not applicable,_Z,Not applicable,_Z,Not applicable,_Z,Not applicable,_Z,Not applicable,_Z,Not applicable,2009,,76.9,,,,,,,,,,,
DATAFLOW,OECD.ELS.HD:DSD_HEALTH_STAT@DF_LE(1.0),Life expectancy,I,CRI,Costa Rica,A,Annual,LFEXP,Life expectancy,Y,Years,Y0,0 years,M,Male,_Z,Not applicable,_Z,Not applicable,_Z,Not applicable,_Z,Not applicable,_Z,Not applicable,_Z,Not applicable,_Z,Not applicable,2023,,78.4,,,,,,,,,,,
DATAFLOW,OECD.ELS.HD:DSD_HEALTH_STAT@DF_LE(1.0),Life expectancy,I,CRI,Costa Rica,A,Annual,LFEXP,Life expectancy,Y,Years,Y0,0 years,M,Male,_Z,Not applicable,_Z,Not applicable,_Z,Not applicable,_Z,Not applicable,_Z,Not applicable,_Z,Not applicable,_Z,Not applicable,2022,,78.3,,,,,,,,,,,
DATAFLOW,OECD.ELS.HD:DSD_HEALTH_STAT@DF_LE(1.0),Life expectancy,I,CRI,Costa Rica,A,Annual,LFEXP,Life expectancy,Y,Years,Y0,0 years,M,Male,_Z,Not applicable,_Z,Not applicable,_Z,Not applicable,_Z,Not applicable,_Z,Not applicable,_Z,Not applicable,_Z,Not applicable,2021,,78.2,,,,,,,,,,,
DATAFLOW,OECD.ELS.HD:DSD_HEALTH_STAT@DF_LE(1.0),Life expectancy,I,CRI,Costa Rica,A,Annual,LFEXP,Life expectancy,Y,Years,Y0,0 years,M,Male,_Z,Not applicable,_Z,Not applicable,_Z,Not applicable,_Z,Not applicable,_Z,Not applicable,_Z,Not applicable,_Z,Not applicable,2000,,75.5,,,,B,Time series break,,,,,,
DATAFLOW,OECD.ELS.HD:DSD_HEALTH_STAT@DF_LE(1.0),Life expectancy,I,CRI,Costa Rica,A,Annual,LFEXP,Life expectancy,Y,Years,Y0,0 years,M,Male,_Z,Not applicable,_Z,Not applicable,_Z,Not applicable,_Z,Not applicable,_Z,Not applicable,_Z,Not applicable,_Z,Not applicable,2008,,76.8,,,,,,,,,,,
DATAFLOW,OECD.ELS.HD:DSD_HEALTH_STAT@DF_LE(1.0),Life expectancy,I,CRI,Costa Rica,A,Annual,LFEXP,Life expectancy,Y,Years,Y0,0 years,M,Male,_Z,Not applicable,_Z,Not applicable,_Z,Not applicable,_Z,Not applicable,_Z,Not applicable,_Z,Not applicable,_Z,Not applicable,2007,,76.6,,,,,,,,,,,
DATAFLOW,OECD.ELS.HD:DSD_HEALTH_STAT@DF_LE(1.0),Life expectancy,I,CRI,Costa Rica,A,Annual,LFEXP,Life expectancy,Y,Years,Y0,0 years,M,Male,_Z,Not applicable,_Z,Not applicable,_Z,Not applicable,_Z,Not applicable,_Z,Not applicable,_Z,Not applicable,_Z,Not applicable,2006,,76.5,,,,,,,,,,,
DATAFLOW,OECD.ELS.HD:DSD_HEALTH_STAT@DF_LE(1.0),Life expectancy,I,CRI,Costa Rica,A,Annual,LFEXP,Life expectancy,Y,Years,Y0,0 years,M,Male,_Z,Not applicable,_Z,Not applicable,_Z,Not applicable,_Z,Not applicable,_Z,Not applicable,_Z,Not applicable,_Z,Not applicable,2005,,76.4,,,,,,,,,,,
DATAFLOW,OECD.ELS.HD:DSD_HEALTH_STAT@DF_LE(1.0),Life expectancy,I,CRI,Costa Rica,A,Annual,LFEXP,Life expectancy,Y,Years,Y0,0 years,M,Male,_Z,Not applicable,_Z,Not applicable,_Z,Not applicable,_Z,Not applicable,_Z,Not applicable,_Z,Not applicable,_Z,Not applicable,2004,,76.2,,,,,,,,,,,
DATAFLOW,OECD.ELS.HD:DSD_HEALTH_STAT@DF_LE(1.0),Life expectancy,I,CRI,Costa Rica,A,Annual,LFEXP,Life expectancy,Y,Years,Y0,0 years,M,Male,_Z,Not applicable,_Z,Not applicable,_Z,Not applicable,_Z,Not applicable,_Z,Not applicable,_Z,Not applicable,_Z,Not applicable,2003,,76.1,,,,,,,,,,,
DATAFLOW,OECD.ELS.HD:DSD_HEALTH_STAT@DF_LE(1.0),Life expectancy,I,CRI,Costa Rica,A,Annual,LFEXP,Life expectancy,Y,Years,Y0,0 years,M,Male,_Z,Not applicable,_Z,Not applicable,_Z,Not applicable,_Z,Not applicable,_Z,Not applicable,_Z,Not applicable,_Z,Not applicable,2002,,76,,,,,,,,,,,
DATAFLOW,OECD.ELS.HD:DSD_HEALTH_STAT@DF_LE(1.0),Life expectancy,I,CRI,Costa Rica,A,Annual,LFEXP,Life expectancy,Y,Years,Y0,0 years,M,Male,_Z,Not applicable,_Z,Not applicable,_Z,Not applicable,_Z,Not applicable,_Z,Not applicable,_Z,Not applicable,_Z,Not applicable,2001,,75.7,,,,,,,,,,,
DATAFLOW,OECD.ELS.HD:DSD_HEALTH_STAT@DF_LE(1.0),Life expectancy,I,CRI,Costa Rica,A,Annual,LFEXP,Life expectancy,Y,Years,Y0,0 years,M,Male,_Z,Not applicable,_Z,Not applicable,_Z,Not applicable,_Z,Not applicable,_Z,Not applicable,_Z,Not applicable,_Z,Not applicable,1999,,75,,,,,,,,,,,
DATAFLOW,OECD.ELS.HD:DSD_HEALTH_STAT@DF_LE(1.0),Life expectancy,I,CRI,Costa Rica,A,Annual,LFEXP,Life expectancy,Y,Years,Y0,0 years,M,Male,_Z,Not applicable,_Z,Not applicable,_Z,Not applicable,_Z,Not applicable,_Z,Not applicable,_Z,Not applicable,_Z,Not applicable,1998,,74.8,,,,,,,,,,,
DATAFLOW,OECD.ELS.HD:DSD_HEALTH_STAT@DF_LE(1.0),Life expectancy,I,CRI,Costa Rica,A,Annual,LFEXP,Life expectancy,Y,Years,Y0,0 years,M,Male,_Z,Not applicable,_Z,Not applicable,_Z,Not applicable,_Z,Not applicable,_Z,Not applicable,_Z,Not applicable,_Z,Not applicable,2020,,78.1,,,,,,,,,,,
DATAFLOW,OECD.ELS.HD:DSD_HEALTH_STAT@DF_LE(1.0),Life expectancy,I,CRI,Costa Rica,A,Annual,LFEXP,Life expectancy,Y,Years,Y0,0 years,M,Male,_Z,Not applicable,_Z,Not applicable,_Z,Not applicable,_Z,Not applicable,_Z,Not applicable,_Z,Not applicable,_Z,Not applicable,2019,,77.9,,,,,,,,,,,
DATAFLOW,OECD.ELS.HD:DSD_HEALTH_STAT@DF_LE(1.0),Life expectancy,I,CRI,Costa Rica,A,Annual,LFEXP,Life expectancy,Y,Years,Y0,0 years,M,Male,_Z,Not applicable,_Z,Not applicable,_Z,Not applicable,_Z,Not applicable,_Z,Not applicable,_Z,Not applicable,_Z,Not applicable,2018,,77.8,,,,,,,,,,,
DATAFLOW,OECD.ELS.HD:DSD_HEALTH_STAT@DF_LE(1.0),Life expectancy,I,CRI,Costa Rica,A,Annual,LFEXP,Life expectancy,Y,Years,Y0,0 years,M,Male,_Z,Not applicable,_Z,Not applicable,_Z,Not applicable,_Z,Not applicable,_Z,Not applicable,_Z,Not applicable,_Z,Not applicable,2017,,77.6,,,,,,,,,,,
DATAFLOW,OECD.ELS.HD:DSD_HEALTH_STAT@DF_LE(1.0),Life expectancy,I,CRI,Costa Rica,A,Annual,LFEXP,Life expectancy,Y,Years,Y0,0 years,M,Male,_Z,Not applicable,_Z,Not applicable,_Z,Not applicable,_Z,Not applicable,_Z,Not applicable,_Z,Not applicable,_Z,Not applicable,2016,,77.5,,,,,,,,,,,
DATAFLOW,OECD.ELS.HD:DSD_HEALTH_STAT@DF_LE(1.0),Life expectancy,I,CRI,Costa Rica,A,Annual,LFEXP,Life expectancy,Y,Years,Y0,0 years,M,Male,_Z,Not applicable,_Z,Not applicable,_Z,Not applicable,_Z,Not applicable,_Z,Not applicable,_Z,Not applicable,_Z,Not applicable,2015,,77.4,,,,,,,,,,,
DATAFLOW,OECD.ELS.HD:DSD_HEALTH_STAT@DF_LE(1.0),Life expectancy,I,CRI,Costa Rica,A,Annual,LFEXP,Life expectancy,Y,Years,Y0,0 years,M,Male,_Z,Not applicable,_Z,Not applicable,_Z,Not applicable,_Z,Not applicable,_Z,Not applicable,_Z,Not applicable,_Z,Not applicable,2014,,77.2,,,,,,,,,,,
DATAFLOW,OECD.ELS.HD:DSD_HEALTH_STAT@DF_LE(1.0),Life expectancy,I,CRI,Costa Rica,A,Annual,LFEXP,Life expectancy,Y,Years,Y0,0 years,M,Male,_Z,Not applicable,_Z,Not applicable,_Z,Not applicable,_Z,Not applicable,_Z,Not applicable,_Z,Not applicable,_Z,Not applicable,2013,,77.1,,,,,,,,,,,
DATAFLOW,OECD.ELS.HD:DSD_HEALTH_STAT@DF_LE(1.0),Life expectancy,I,CRI,Costa Rica,A,Annual,LFEXP,Life expectancy,Y,Years,Y0,0 years,M,Male,_Z,Not applicable,_Z,Not applicable,_Z,Not applicable,_Z,Not applicable,_Z,Not applicable,_Z,Not applicable,_Z,Not applicable,2012,,76.9,,,,,,,,,,,
DATAFLOW,OECD.ELS.HD:DSD_HEALTH_STAT@DF_LE(1.0),Life expectancy,I,CRI,Costa Rica,A,Annual,LFEXP,Life expectancy,Y,Years,Y0,0 years,M,Male,_Z,Not applicable,_Z,Not applicable,_Z,Not applicable,_Z,Not applicable,_Z,Not applicable,_Z,Not applicable,_Z,Not applicable,2011,,76.6,,,,,,,,,,,
DATAFLOW,OECD.ELS.HD:DSD_HEALTH_STAT@DF_LE(1.0),Life expectancy,I,JPN,Japan,A,Annual,LFEXP,Life expectancy,Y,Years,Y0,0 years,F,Female,_Z,Not applicable,_Z,Not applicable,_Z,Not applicable,_Z,Not applicable,_Z,Not applicable,_Z,Not applicable,_Z,Not applicable,2017,,87.3,,,,,,,,,,,
DATAFLOW,OECD.ELS.HD:DSD_HEALTH_STAT@DF_LE(1.0),Life expectancy,I,JPN,Japan,A,Annual,LFEXP,Life expectancy,Y,Years,Y0,0 years,F,Female,_Z,Not applicable,_Z,Not applicable,_Z,Not applicable,_Z,Not applicable,_Z,Not applicable,_Z,Not applicable,_Z,Not applicable,2016,,87.1,,,,,,,,,,,
DATAFLOW,OECD.ELS.HD:DSD_HEALTH_STAT@DF_LE(1.0),Life expectancy,I,JPN,Japan,A,Annual,LFEXP,Life expectancy,Y,Years,Y0,0 years,F,Female,_Z,Not applicable,_Z,Not applicable,_Z,Not applicable,_Z,Not applicable,_Z,Not applicable,_Z,Not applicable,_Z,Not applicable,2005,,85.5,,,,,,,,,,,
DATAFLOW,OECD.ELS.HD:DSD_HEALTH_STAT@DF_LE(1.0),Life expectancy,I,JPN,Japan,A,Annual,LFEXP,Life expectancy,Y,Years,Y0,0 years,F,Female,_Z,Not applicable,_Z,Not applicable,_Z,Not applicable,_Z,Not applicable,_Z,Not applicable,_Z,Not applicable,_Z,Not applicable,2001,,84.9,,,,,,,,,,,
DATAFLOW,OECD.ELS.HD:DSD_HEALTH_STAT@DF_LE(1.0),Life expectancy,I,JPN,Japan,A,Annual,LFEXP,Life expectancy,Y,Years,Y0,0 years,F,Female,_Z,Not applicable,_Z,Not applicable,_Z,Not applicable,_Z,Not applicable,_Z,Not applicable,_Z,Not applicable,_Z,Not applicable,2000,,84.6,,,,,,,,,,,
DATAFLOW,OECD.ELS.HD:DSD_HEALTH_STAT@DF_LE(1.0),Life expectancy,I,JPN,Japan,A,Annual,LFEXP,Life expectancy,Y,Years,Y0,0 years,F,Female,_Z,Not applicable,_Z,Not applicable,_Z,Not applicable,_Z,Not applicable,_Z,Not applicable,_Z,Not applicable,_Z,Not applicable,1999,,84,,,,,,,,,,,
DATAFLOW,OECD.ELS.HD:DSD_HEALTH_STAT@DF_LE(1.0),Life expectancy,I,JPN,Japan,A,Annual,LFEXP,Life expectancy,Y,Years,Y0,0 years,F,Female,_Z,Not applicable,_Z,Not applicable,_Z,Not applicable,_Z,Not applicable,_Z,Not applicable,_Z,Not applicable,_Z,Not applicable,2015,,87,,,,,,,,,,,
DATAFLOW,OECD.ELS.HD:DSD_HEALTH_STAT@DF_LE(1.0),Life expectancy,I,JPN,Japan,A,Annual,LFEXP,Life expectancy,Y,Years,Y0,0 years,F,Female,_Z,Not applicable,_Z,Not applicable,_Z,Not applicable,_Z,Not applicable,_Z,Not applicable,_Z,Not applicable,_Z,Not applicable,2014,,86.8,,,,,,,,,,,
DATAFLOW,OECD.ELS.HD:DSD_HEALTH_STAT@DF_LE(1.0),Life expectancy,I,JPN,Japan,A,Annual,LFEXP,Life expectancy,Y,Years,Y0,0 years,F,Female,_Z,Not applicable,_Z,Not applicable,_Z,Not applicable,_Z,Not applicable,_Z,Not applicable,_Z,Not applicable,_Z,Not applicable,2013,,86.6,,,,,,,,,,,
DATAFLOW,OECD.ELS.HD:DSD_HEALTH_STAT@DF_LE(1.0),Life expectancy,I,JPN,Japan,A,Annual,LFEXP,Life expectancy,Y,Years,Y0,0 years,F,Female,_Z,Not applicable,_Z,Not applicable,_Z,Not applicable,_Z,Not applicable,_Z,Not applicable,_Z,Not applicable,_Z,Not applicable,1998,,84,,,,,,,,,,,
DATAFLOW,OECD.ELS.HD:DSD_HEALTH_STAT@DF_LE(1.0),Life expectancy,I,JPN,Japan,A,Annual,LFEXP,Life expectancy,Y,Years,Y0,0 years,F,Female,_Z,Not applicable,_Z,Not applicable,_Z,Not applicable,_Z,Not applicable,_Z,Not applicable,_Z,Not applicable,_Z,Not applicable,2011,,85.9,,,,,,,,,,,
DATAFLOW,OECD.ELS.HD:DSD_HEALTH_STAT@DF_LE(1.0),Life expectancy,I,JPN,Japan,A,Annual,LFEXP,Life expectancy,Y,Years,Y0,0 years,F,Female,_Z,Not applicable,_Z,Not applicable,_Z,Not applicable,_Z,Not applicable,_Z,Not applicable,_Z,Not applicable,_Z,Not applicable,2010,,86.3,,,,,,,,,,,
DATAFLOW,OECD.ELS.HD:DSD_HEALTH_STAT@DF_LE(1.0),Life expectancy,I,JPN,Japan,A,Annual,LFEXP,Life expectancy,Y,Years,Y0,0 years,F,Female,_Z,Not applicable,_Z,Not applicable,_Z,Not applicable,_Z,Not applicable,_Z,Not applicable,_Z,Not applicable,_Z,Not applicable,2009,,86.4,,,,,,,,,,,
DATAFLOW,OECD.ELS.HD:DSD_HEALTH_STAT@DF_LE(1.0),Life expectancy,I,JPN,Japan,A,Annual,LFEXP,Life expectancy,Y,Years,Y0,0 years,F,Female,_Z,Not applicable,_Z,Not applicable,_Z,Not applicable,_Z,Not applicable,_Z,Not applicable,_Z,Not applicable,_Z,Not applicable,2008,,86.1,,,,,,,,,,,
DATAFLOW,OECD.ELS.HD:DSD_HEALTH_STAT@DF_LE(1.0),Life expectancy,I,JPN,Japan,A,Annual,LFEXP,Life expectancy,Y,Years,Y0,0 years,F,Female,_Z,Not applicable,_Z,Not applicable,_Z,Not applicable,_Z,Not applicable,_Z,Not applicable,_Z,Not applicable,_Z,Not applicable,2007,,86,,,,,,,,,,,
DATAFLOW,OECD.ELS.HD:DSD_HEALTH_STAT@DF_LE(1.0),Life expectancy,I,JPN,Japan,A,Annual,LFEXP,Life expectancy,Y,Years,Y0,0 years,F,Female,_Z,Not applicable,_Z,Not applicable,_Z,Not applicable,_Z,Not applicable,_Z,Not applicable,_Z,Not applicable,_Z,Not applicable,2006,,85.8,,,,,,,,,,,
DATAFLOW,OECD.ELS.HD:DSD_HEALTH_STAT@DF_LE(1.0),Life expectancy,I,JPN,Japan,A,Annual,LFEXP,Life expectancy,Y,Years,Y0,0 years,F,Female,_Z,Not applicable,_Z,Not applicable,_Z,Not applicable,_Z,Not applicable,_Z,Not applicable,_Z,Not applicable,_Z,Not applicable,2004,,85.6,,,,,,,,,,,
DATAFLOW,OECD.ELS.HD:DSD_HEALTH_STAT@DF_LE(1.0),Life expectancy,I,JPN,Japan,A,Annual,LFEXP,Life expectancy,Y,Years,Y0,0 years,F,Female,_Z,Not applicable,_Z,Not applicable,_Z,Not applicable,_Z,Not applicable,_Z,Not applicable,_Z,Not applicable,_Z,Not applicable,2003,,85.3,,,,,,,,,,,
DATAFLOW,OECD.ELS.HD:DSD_HEALTH_STAT@DF_LE(1.0),Life expectancy,I,JPN,Japan,A,Annual,LFEXP,Life expectancy,Y,Years,Y0,0 years,F,Female,_Z,Not applicable,_Z,Not applicable,_Z,Not applicable,_Z,Not applicable,_Z,Not applicable,_Z,Not applicable,_Z,Not applicable,2012,,86.4,,,,,,,,,,,
DATAFLOW,OECD.ELS.HD:DSD_HEALTH_STAT@DF_LE(1.0),Life expectancy,I,JPN,Japan,A,Annual,LFEXP,Life expectancy,Y,Years,Y0,0 years,F,Female,_Z,Not applicable,_Z,Not applicable,_Z,Not applicable,_Z,Not applicable,_Z,Not applicable,_Z,Not applicable,_Z,Not applicable,2002,,85.2,,,,,,,,,,,
DATAFLOW,OECD.ELS.HD:DSD_HEALTH_STAT@DF_LE(1.0),Life expectancy,I,JPN,Japan,A,Annual,LFEXP,Life expectancy,Y,Years,Y0,0 years,F,Female,_Z,Not applicable,_Z,Not applicable,_Z,Not applicable,_Z,Not applicable,_Z,Not applicable,_Z,Not applicable,_Z,Not applicable,2022,,87.1,,,,,,,,,,,
DATAFLOW,OECD.ELS.HD:DSD_HEALTH_STAT@DF_LE(1.0),Life expectancy,I,JPN,Japan,A,Annual,LFEXP,Life expectancy,Y,Years,Y0,0 years,F,Female,_Z,Not applicable,_Z,Not applicable,_Z,Not applicable,_Z,Not applicable,_Z,Not applicable,_Z,Not applicable,_Z,Not applicable,2021,,87.6,,,,,,,,,,,
DATAFLOW,OECD.ELS.HD:DSD_HEALTH_STAT@DF_LE(1.0),Life expectancy,I,JPN,Japan,A,Annual,LFEXP,Life expectancy,Y,Years,Y0,0 years,F,Female,_Z,Not applicable,_Z,Not applicable,_Z,Not applicable,_Z,Not applicable,_Z,Not applicable,_Z,Not applicable,_Z,Not applicable,2020,,87.7,,,,,,,,,,,
DATAFLOW,OECD.ELS.HD:DSD_HEALTH_STAT@DF_LE(1.0),Life expectancy,I,JPN,Japan,A,Annual,LFEXP,Life expectancy,Y,Years,Y0,0 years,F,Female,_Z,Not applicable,_Z,Not applicable,_Z,Not applicable,_Z,Not applicable,_Z,Not applicable,_Z,Not applicable,_Z,Not applicable,2019,,87.4,,,,,,,,,,,
DATAFLOW,OECD.ELS.HD:DSD_HEALTH_STAT@DF_LE(1.0),Life expectancy,I,JPN,Japan,A,Annual,LFEXP,Life expectancy,Y,Years,Y0,0 years,F,Female,_Z,Not applicable,_Z,Not applicable,_Z,Not applicable,_Z,Not applicable,_Z,Not applicable,_Z,Not applicable,_Z,Not applicable,2018,,87.3,,,,,,,,,,,
DATAFLOW,OECD.ELS.HD:DSD_HEALTH_STAT@DF_LE(1.0),Life expectancy,I,JPN,Japan,A,Annual,LFEXP,Life expectancy,Y,Years,Y0,0 years,_T,Total,_Z,Not applicable,_Z,Not applicable,_Z,Not applicable,_Z,Not applicable,_Z,Not applicable,_Z,Not applicable,_Z,Not applicable,2008,,82.7,,,,E,Estimated value,,,,,,
DATAFLOW,OECD.ELS.HD:DSD_HEALTH_STAT@DF_LE(1.0),Life expectancy,I,JPN,Japan,A,Annual,LFEXP,Life expectancy,Y,Years,Y0,0 years,_T,Total,_Z,Not applicable,_Z,Not applicable,_Z,Not applicable,_Z,Not applicable,_Z,Not applicable,_Z,Not applicable,_Z,Not applicable,2007,,82.6,,,,E,Estimated value,,,,,,
DATAFLOW,OECD.ELS.HD:DSD_HEALTH_STAT@DF_LE(1.0),Life expectancy,I,JPN,Japan,A,Annual,LFEXP,Life expectancy,Y,Years,Y0,0 years,_T,Total,_Z,Not applicable,_Z,Not applicable,_Z,Not applicable,_Z,Not applicable,_Z,Not applicable,_Z,Not applicable,_Z,Not applicable,2016,,84.1,,,,E,Estimated value,,,,,,
DATAFLOW,OECD.ELS.HD:DSD_HEALTH_STAT@DF_LE(1.0),Life expectancy,I,JPN,Japan,A,Annual,LFEXP,Life expectancy,Y,Years,Y0,0 years,_T,Total,_Z,Not applicable,_Z,Not applicable,_Z,Not applicable,_Z,Not applicable,_Z,Not applicable,_Z,Not applicable,_Z,Not applicable,2004,,82.1,,,,E,Estimated value,,,,,,
DATAFLOW,OECD.ELS.HD:DSD_HEALTH_STAT@DF_LE(1.0),Life expectancy,I,JPN,Japan,A,Annual,LFEXP,Life expectancy,Y,Years,Y0,0 years,_T,Total,_Z,Not applicable,_Z,Not applicable,_Z,Not applicable,_Z,Not applicable,_Z,Not applicable,_Z,Not applicable,_Z,Not applicable,2001,,81.5,,,,E,Estimated value,,,,,,
DATAFLOW,OECD.ELS.HD:DSD_HEALTH_STAT@DF_LE(1.0),Life expectancy,I,JPN,Japan,A,Annual,LFEXP,Life expectancy,Y,Years,Y0,0 years,_T,Total,_Z,Not applicable,_Z,Not applicable,_Z,Not applicable,_Z,Not applicable,_Z,Not applicable,_Z,Not applicable,_Z,Not applicable,2015,,83.9,,,,E,Estimated value,,,,,,
DATAFLOW,OECD.ELS.HD:DSD_HEALTH_STAT@DF_LE(1.0),Life expectancy,I,JPN,Japan,A,Annual,LFEXP,Life expectancy,Y,Years,Y0,0 years,_T,Total,_Z,Not applicable,_Z,Not applicable,_Z,Not applicable,_Z,Not applicable,_Z,Not applicable,_Z,Not applicable,_Z,Not applicable,2006,,82.4,,,,E,Estimated value,,,,,,
DATAFLOW,OECD.ELS.HD:DSD_HEALTH_STAT@DF_LE(1.0),Life expectancy,I,JPN,Japan,A,Annual,LFEXP,Life expectancy,Y,Years,Y0,0 years,_T,Total,_Z,Not applicable,_Z,Not applicable,_Z,Not applicable,_Z,Not applicable,_Z,Not applicable,_Z,Not applicable,_Z,Not applicable,2005,,82,,,,E,Estimated value,,,,,,
DATAFLOW,OECD.ELS.HD:DSD_HEALTH_STAT@DF_LE(1.0),Life expectancy,I,JPN,Japan,A,Annual,LFEXP,Life expectancy,Y,Years,Y0,0 years,_T,Total,_Z,Not applicable,_Z,Not applicable,_Z,Not applicable,_Z,Not applicable,_Z,Not applicable,_Z,Not applicable,_Z,Not applicable,2000,,81.2,,,,E,Estimated value,,,,,,
DATAFLOW,OECD.ELS.HD:DSD_HEALTH_STAT@DF_LE(1.0),Life expectancy,I,JPN,Japan,A,Annual,LFEXP,Life expectancy,Y,Years,Y0,0 years,_T,Total,_Z,Not applicable,_Z,Not applicable,_Z,Not applicable,_Z,Not applicable,_Z,Not applicable,_Z,Not applicable,_Z,Not applicable,1999,,80.5,,,,E,Estimated value,,,,,,
DATAFLOW,OECD.ELS.HD:DSD_HEALTH_STAT@DF_LE(1.0),Life expectancy,I,JPN,Japan,A,Annual,LFEXP,Life expectancy,Y,Years,Y0,0 years,_T,Total,_Z,Not applicable,_Z,Not applicable,_Z,Not applicable,_Z,Not applicable,_Z,Not applicable,_Z,Not applicable,_Z,Not applicable,2021,,84.5,,,,E,Estimated value,,,,,,
DATAFLOW,OECD.ELS.HD:DSD_HEALTH_STAT@DF_LE(1.0),Life expectancy,I,JPN,Japan,A,Annual,LFEXP,Life expectancy,Y,Years,Y0,0 years,_T,Total,_Z,Not applicable,_Z,Not applicable,_Z,Not applicable,_Z,Not applicable,_Z,Not applicable,_Z,Not applicable,_Z,Not applicable,2020,,84.6,,,,E,Estimated value,,,,,,
DATAFLOW,OECD.ELS.HD:DSD_HEALTH_STAT@DF_LE(1.0),Life expectancy,I,JPN,Japan,A,Annual,LFEXP,Life expectancy,Y,Years,Y0,0 years,_T,Total,_Z,Not applicable,_Z,Not applicable,_Z,Not applicable,_Z,Not applicable,_Z,Not applicable,_Z,Not applicable,_Z,Not applicable,2019,,84.4,,,,E,Estimated value,,,,,,
DATAFLOW,OECD.ELS.HD:DSD_HEALTH_STAT@DF_LE(1.0),Life expectancy,I,JPN,Japan,A,Annual,LFEXP,Life expectancy,Y,Years,Y0,0 years,_T,Total,_Z,Not applicable,_Z,Not applicable,_Z,Not applicable,_Z,Not applicable,_Z,Not applicable,_Z,Not applicable,_Z,Not applicable,2018,,84.3,,,,E,Estimated value,,,,,,
DATAFLOW,OECD.ELS.HD:DSD_HEALTH_STAT@DF_LE(1.0),Life expectancy,I,JPN,Japan,A,Annual,LFEXP,Life expectancy,Y,Years,Y0,0 years,_T,Total,_Z,Not applicable,_Z,Not applicable,_Z,Not applicable,_Z,Not applicable,_Z,Not applicable,_Z,Not applicable,_Z,Not applicable,2017,,84.2,,,,E,Estimated value,,,,,,
DATAFLOW,OECD.ELS.HD:DSD_HEALTH_STAT@DF_LE(1.0),Life expectancy,I,JPN,Japan,A,Annual,LFEXP,Life expectancy,Y,Years,Y0,0 years,_T,Total,_Z,Not applicable,_Z,Not applicable,_Z,Not applicable,_Z,Not applicable,_Z,Not applicable,_Z,Not applicable,_Z,Not applicable,1998,,80.6,,,,E,Estimated value,,,,,,
DATAFLOW,OECD.ELS.HD:DSD_HEALTH_STAT@DF_LE(1.0),Life expectancy,I,JPN,Japan,A,Annual,LFEXP,Life expectancy,Y,Years,Y0,0 years,_T,Total,_Z,Not applicable,_Z,Not applicable,_Z,Not applicable,_Z,Not applicable,_Z,Not applicable,_Z,Not applicable,_Z,Not applicable,2022,,84.1,,,,E,Estimated value,,,,,,
DATAFLOW,OECD.ELS.HD:DSD_HEALTH_STAT@DF_LE(1.0),Life expectancy,I,JPN,Japan,A,Annual,LFEXP,Life expectancy,Y,Years,Y0,0 years,_T,Total,_Z,Not applicable,_Z,Not applicable,_Z,Not applicable,_Z,Not applicable,_Z,Not applicable,_Z,Not applicable,_Z,Not applicable,2003,,81.8,,,,E,Estimated value,,,,,,
DATAFLOW,OECD.ELS.HD:DSD_HEALTH_STAT@DF_LE(1.0),Life expectancy,I,JPN,Japan,A,Annual,LFEXP,Life expectancy,Y,Years,Y0,0 years,_T,Total,_Z,Not applicable,_Z,Not applicable,_Z,Not applicable,_Z,Not applicable,_Z,Not applicable,_Z,Not applicable,_Z,Not applicable,2002,,81.8,,,,E,Estimated value,,,,,,
DATAFLOW,OECD.ELS.HD:DSD_HEALTH_STAT@DF_LE(1.0),Life expectancy,I,CRI,Costa Rica,A,Annual,LFEXP,Life expectancy,Y,Years,Y0,0 years,_T,Total,_Z,Not applicable,_Z,Not applicable,_Z,Not applicable,_Z,Not applicable,_Z,Not applicable,_Z,Not applicable,_Z,Not applicable,2019,,80.5,,,,,,,,,,,
DATAFLOW,OECD.ELS.HD:DSD_HEALTH_STAT@DF_LE(1.0),Life expectancy,I,CRI,Costa Rica,A,Annual,LFEXP,Life expectancy,Y,Years,Y0,0 years,_T,Total,_Z,Not applicable,_Z,Not applicable,_Z,Not applicable,_Z,Not applicable,_Z,Not applicable,_Z,Not applicable,_Z,Not applicable,2018,,80.3,,,,,,,,,,,
DATAFLOW,OECD.ELS.HD:DSD_HEALTH_STAT@DF_LE(1.0),Life expectancy,I,JPN,Japan,A,Annual,LFEXP,Life expectancy,Y,Years,Y0,0 years,_T,Total,_Z,Not applicable,_Z,Not applicable,_Z,Not applicable,_Z,Not applicable,_Z,Not applicable,_Z,Not applicable,_Z,Not applicable,2012,,83.2,,,,E,Estimated value,,,,,,
DATAFLOW,OECD.ELS.HD:DSD_HEALTH_STAT@DF_LE(1.0),Life expectancy,I,JPN,Japan,A,Annual,LFEXP,Life expectancy,Y,Years,Y0,0 years,_T,Total,_Z,Not applicable,_Z,Not applicable,_Z,Not applicable,_Z,Not applicable,_Z,Not applicable,_Z,Not applicable,_Z,Not applicable,2011,,82.7,,,,E,Estimated value,,,,,,
DATAFLOW,OECD.ELS.HD:DSD_HEALTH_STAT@DF_LE(1.0),Life expectancy,I,JPN,Japan,A,Annual,LFEXP,Life expectancy,Y,Years,Y0,0 years,_T,Total,_Z,Not applicable,_Z,Not applicable,_Z,Not applicable,_Z,Not applicable,_Z,Not applicable,_Z,Not applicable,_Z,Not applicable,2010,,82.9,,,,E,Estimated value,,,,,,
DATAFLOW,OECD.ELS.HD:DSD_HEALTH_STAT@DF_LE(1.0),Life expectancy,I,JPN,Japan,A,Annual,LFEXP,Life expectancy,Y,Years,Y0,0 years,_T,Total,_Z,Not applicable,_Z,Not applicable,_Z,Not applicable,_Z,Not applicable,_Z,Not applicable,_Z,Not applicable,_Z,Not applicable,2009,,83,,,,E,Estimated value,,,,,,
DATAFLOW,OECD.ELS.HD:DSD_HEALTH_STAT@DF_LE(1.0),Life expectancy,I,GRC,Greece,A,Annual,LFEXP,Life expectancy,Y,Years,Y0,0 years,_T,Total,_Z,Not applicable,_Z,Not applicable,_Z,Not applicable,_Z,Not applicable,_Z,Not applicable,_Z,Not applicable,_Z,Not applicable,2013,,81.4,,,,,,,,,,,
DATAFLOW,OECD.ELS.HD:DSD_HEALTH_STAT@DF_LE(1.0),Life expectancy,I,GRC,Greece,A,Annual,LFEXP,Life expectancy,Y,Years,Y0,0 years,_T,Total,_Z,Not applicable,_Z,Not applicable,_Z,Not applicable,_Z,Not applicable,_Z,Not applicable,_Z,Not applicable,_Z,Not applicable,2012,,80.7,,,,,,,,,,,
DATAFLOW,OECD.ELS.HD:DSD_HEALTH_STAT@DF_LE(1.0),Life expectancy,I,GRC,Greece,A,Annual,LFEXP,Life expectancy,Y,Years,Y0,0 years,_T,Total,_Z,Not applicable,_Z,Not applicable,_Z,Not applicable,_Z,Not applicable,_Z,Not applicable,_Z,Not applicable,_Z,Not applicable,2001,,79.1,,,,,,,,,,,
DATAFLOW,OECD.ELS.HD:DSD_HEALTH_STAT@DF_LE(1.0),Life expectancy,I,GRC,Greece,A,Annual,LFEXP,Life expectancy,Y,Years,Y0,0 years,_T,Total,_Z,Not applicable,_Z,Not applicable,_Z,Not applicable,_Z,Not applicable,_Z,Not applicable,_Z,Not applicable,_Z,Not applicable,2000,,78.6,,,,,,,,,,,
DATAFLOW,OECD.ELS.HD:DSD_HEALTH_STAT@DF_LE(1.0),Life expectancy,I,GRC,Greece,A,Annual,LFEXP,Life expectancy,Y,Years,Y0,0 years,_T,Total,_Z,Not applicable,_Z,Not applicable,_Z,Not applicable,_Z,Not applicable,_Z,Not applicable,_Z,Not applicable,_Z,Not applicable,1999,,78.5,,,,,,,,,,,
DATAFLOW,OECD.ELS.HD:DSD_HEALTH_STAT@DF_LE(1.0),Life expectancy,I,GRC,Greece,A,Annual,LFEXP,Life expectancy,Y,Years,Y0,0 years,_T,Total,_Z,Not applicable,_Z,Not applicable,_Z,Not applicable,_Z,Not applicable,_Z,Not applicable,_Z,Not applicable,_Z,Not applicable,1998,,78.3,,,,,,,,,,,
DATAFLOW,OECD.ELS.HD:DSD_HEALTH_STAT@DF_LE(1.0),Life expectancy,I,GRC,Greece,A,Annual,LFEXP,Life expectancy,Y,Years,Y0,0 years,_T,Total,_Z,Not applicable,_Z,Not applicable,_Z,Not applicable,_Z,Not applicable,_Z,Not applicable,_Z,Not applicable,_Z,Not applicable,2011,,80.8,,,,,,,,,,,
DATAFLOW,OECD.ELS.HD:DSD_HEALTH_STAT@DF_LE(1.0),Life expectancy,I,GRC,Greece,A,Annual,LFEXP,Life expectancy,Y,Years,Y0,0 years,_T,Total,_Z,Not applicable,_Z,Not applicable,_Z,Not applicable,_Z,Not applicable,_Z,Not applicable,_Z,Not applicable,_Z,Not applicable,2010,,80.6,,,,,,,,,,,
DATAFLOW,OECD.ELS.HD:DSD_HEALTH_STAT@DF_LE(1.0),Life expectancy,I,GRC,Greece,A,Annual,LFEXP,Life expectancy,Y,Years,Y0,0 years,_T,Total,_Z,Not applicable,_Z,Not applicable,_Z,Not applicable,_Z,Not applicable,_Z,Not applicable,_Z,Not applicable,_Z,Not applicable,2009,,80.4,,,,,,,,,,,
DATAFLOW,OECD.ELS.HD:DSD_HEALTH_STAT@DF_LE(1.0),Life expectancy,I,GRC,Greece,A,Annual,LFEXP,Life expectancy,Y,Years,Y0,0 years,_T,Total,_Z,Not applicable,_Z,Not applicable,_Z,Not applicable,_Z,Not applicable,_Z,Not applicable,_Z,Not applicable,_Z,Not applicable,2008,,80.2,,,,,,,,,,,
DATAFLOW,OECD.ELS.HD:DSD_HEALTH_STAT@DF_LE(1.0),Life expectancy,I,GRC,Greece,A,Annual,LFEXP,Life expectancy,Y,Years,Y0,0 years,_T,Total,_Z,Not applicable,_Z,Not applicable,_Z,Not applicable,_Z,Not applicable,_Z,Not applicable,_Z,Not applicable,_Z,Not applicable,2007,,79.7,,,,,,,,,,,
DATAFLOW,OECD.ELS.HD:DSD_HEALTH_STAT@DF_LE(1.0),Life expectancy,I,GRC,Greece,A,Annual,LFEXP,Life expectancy,Y,Years,Y0,0 years,_T,Total,_Z,Not applicable,_Z,Not applicable,_Z,Not applicable,_Z,Not applicable,_Z,Not applicable,_Z,Not applicable,_Z,Not applicable,2006,,79.9,,,,,,,,,,,
DATAFLOW,OECD.ELS.HD:DSD_HEALTH_STAT@DF_LE(1.0),Life expectancy,I,GRC,Greece,A,Annual,LFEXP,Life expectancy,Y,Years,Y0,0 years,_T,Total,_Z,Not applicable,_Z,Not applicable,_Z,Not applicable,_Z,Not applicable,_Z,Not applicable,_Z,Not applicable,_Z,Not applicable,2005,,79.6,,,,,,,,,,,
DATAFLOW,OECD.ELS.HD:DSD_HEALTH_STAT@DF_LE(1.0),Life expectancy,I,GRC,Greece,A,Annual,LFEXP,Life expectancy,Y,Years,Y0,0 years,_T,Total,_Z,Not applicable,_Z,Not applicable,_Z,Not applicable,_Z,Not applicable,_Z,Not applicable,_Z,Not applicable,_Z,Not applicable,2004,,79.4,,,,,,,,,,,
DATAFLOW,OECD.ELS.HD:DSD_HEALTH_STAT@DF_LE(1.0),Life expectancy,I,GRC,Greece,A,Annual,LFEXP,Life expectancy,Y,Years,Y0,0 years,_T,Total,_Z,Not applicable,_Z,Not applicable,_Z,Not applicable,_Z,Not applicable,_Z,Not applicable,_Z,Not applicable,_Z,Not applicable,2003,,79.3,,,,,,,,,,,
DATAFLOW,OECD.ELS.HD:DSD_HEALTH_STAT@DF_LE(1.0),Life expectancy,I,GRC,Greece,A,Annual,LFEXP,Life expectancy,Y,Years,Y0,0 years,_T,Total,_Z,Not applicable,_Z,Not applicable,_Z,Not applicable,_Z,Not applicable,_Z,Not applicable,_Z,Not applicable,_Z,Not applicable,2002,,79.2,,,,,,,,,,,
DATAFLOW,OECD.ELS.HD:DSD_HEALTH_STAT@DF_LE(1.0),Life expectancy,I,GRC,Greece,A,Annual,LFEXP,Life expectancy,Y,Years,Y0,0 years,_T,Total,_Z,Not applicable,_Z,Not applicable,_Z,Not applicable,_Z,Not applicable,_Z,Not applicable,_Z,Not applicable,_Z,Not applicable,2023,,81.6,,,,,,,,,,,
DATAFLOW,OECD.ELS.HD:DSD_HEALTH_STAT@DF_LE(1.0),Life expectancy,I,GRC,Greece,A,Annual,LFEXP,Life expectancy,Y,Years,Y0,0 years,_T,Total,_Z,Not applicable,_Z,Not applicable,_Z,Not applicable,_Z,Not applicable,_Z,Not applicable,_Z,Not applicable,_Z,Not applicable,2022,,80.8,,,,,,,,,,,
DATAFLOW,OECD.ELS.HD:DSD_HEALTH_STAT@DF_LE(1.0),Life expectancy,I,GRC,Greece,A,Annual,LFEXP,Life expectancy,Y,Years,Y0,0 years,_T,Total,_Z,Not applicable,_Z,Not applicable,_Z,Not applicable,_Z,Not applicable,_Z,Not applicable,_Z,Not applicable,_Z,Not applicable,2021,,80.2,,,,,,,,,,,
DATAFLOW,OECD.ELS.HD:DSD_HEALTH_STAT@DF_LE(1.0),Life expectancy,I,GRC,Greece,A,Annual,LFEXP,Life expectancy,Y,Years,Y0,0 years,_T,Total,_Z,Not applicable,_Z,Not applicable,_Z,Not applicable,_Z,Not applicable,_Z,Not applicable,_Z,Not applicable,_Z,Not applicable,2020,,81.4,,,,,,,,,,,
DATAFLOW,OECD.ELS.HD:DSD_HEALTH_STAT@DF_LE(1.0),Life expectancy,I,GRC,Greece,A,Annual,LFEXP,Life expectancy,Y,Years,Y0,0 years,_T,Total,_Z,Not applicable,_Z,Not applicable,_Z,Not applicable,_Z,Not applicable,_Z,Not applicable,_Z,Not applicable,_Z,Not applicable,2019,,81.7,,,,,,,,,,,
DATAFLOW,OECD.ELS.HD:DSD_HEALTH_STAT@DF_LE(1.0),Life expectancy,I,GRC,Greece,A,Annual,LFEXP,Life expectancy,Y,Years,Y0,0 years,_T,Total,_Z,Not applicable,_Z,Not applicable,_Z,Not applicable,_Z,Not applicable,_Z,Not applicable,_Z,Not applicable,_Z,Not applicable,2018,,81.9,,,,,,,,,,,
DATAFLOW,OECD.ELS.HD:DSD_HEALTH_STAT@DF_LE(1.0),Life expectancy,I,GRC,Greece,A,Annual,LFEXP,Life expectancy,Y,Years,Y0,0 years,_T,Total,_Z,Not applicable,_Z,Not applicable,_Z,Not applicable,_Z,Not applicable,_Z,Not applicable,_Z,Not applicable,_Z,Not applicable,2017,,81.4,,,,,,,,,,,
DATAFLOW,OECD.ELS.HD:DSD_HEALTH_STAT@DF_LE(1.0),Life expectancy,I,GRC,Greece,A,Annual,LFEXP,Life expectancy,Y,Years,Y0,0 years,_T,Total,_Z,Not applicable,_Z,Not applicable,_Z,Not applicable,_Z,Not applicable,_Z,Not applicable,_Z,Not applicable,_Z,Not applicable,2016,,81.5,,,,,,,,,,,
DATAFLOW,OECD.ELS.HD:DSD_HEALTH_STAT@DF_LE(1.0),Life expectancy,I,GRC,Greece,A,Annual,LFEXP,Life expectancy,Y,Years,Y0,0 years,_T,Total,_Z,Not applicable,_Z,Not applicable,_Z,Not applicable,_Z,Not applicable,_Z,Not applicable,_Z,Not applicable,_Z,Not applicable,2015,,81.1,,,,,,,,,,,
DATAFLOW,OECD.ELS.HD:DSD_HEALTH_STAT@DF_LE(1.0),Life expectancy,I,GRC,Greece,A,Annual,LFEXP,Life expectancy,Y,Years,Y0,0 years,_T,Total,_Z,Not applicable,_Z,Not applicable,_Z,Not applicable,_Z,Not applicable,_Z,Not applicable,_Z,Not applicable,_Z,Not applicable,2014,,81.5,,,,,,,,,,,
DATAFLOW,OECD.ELS.HD:DSD_HEALTH_STAT@DF_LE(1.0),Life expectancy,I,CRI,Costa Rica,A,Annual,LFEXP,Life expectancy,Y,Years,Y0,0 years,F,Female,_Z,Not applicable,_Z,Not applicable,_Z,Not applicable,_Z,Not applicable,_Z,Not applicable,_Z,Not applicable,_Z,Not applicable,2015,,82.4,,,,,,,,,,,
DATAFLOW,OECD.ELS.HD:DSD_HEALTH_STAT@DF_LE(1.0),Life expectancy,I,CRI,Costa Rica,A,Annual,LFEXP,Life expectancy,Y,Years,Y0,0 years,F,Female,_Z,Not applicable,_Z,Not applicable,_Z,Not applicable,_Z,Not applicable,_Z,Not applicable,_Z,Not applicable,_Z,Not applicable,2014,,82.3,,,,,,,,,,,
DATAFLOW,OECD.ELS.HD:DSD_HEALTH_STAT@DF_LE(1.0),Life expectancy,I,CRI,Costa Rica,A,Annual,LFEXP,Life expectancy,Y,Years,Y0,0 years,F,Female,_Z,Not applicable,_Z,Not applicable,_Z,Not applicable,_Z,Not applicable,_Z,Not applicable,_Z,Not applicable,_Z,Not applicable,2001,,80.4,,,,,,,,,,,
DATAFLOW,OECD.ELS.HD:DSD_HEALTH_STAT@DF_LE(1.0),Life expectancy,I,CRI,Costa Rica,A,Annual,LFEXP,Life expectancy,Y,Years,Y0,0 years,F,Female,_Z,Not applicable,_Z,Not applicable,_Z,Not applicable,_Z,Not applicable,_Z,Not applicable,_Z,Not applicable,_Z,Not applicable,1999,,79.7,,,,,,,,,,,
DATAFLOW,OECD.ELS.HD:DSD_HEALTH_STAT@DF_LE(1.0),Life expectancy,I,CRI,Costa Rica,A,Annual,LFEXP,Life expectancy,Y,Years,Y0,0 years,F,Female,_Z,Not applicable,_Z,Not applicable,_Z,Not applicable,_Z,Not applicable,_Z,Not applicable,_Z,Not applicable,_Z,Not applicable,1998,,79.5,,,,,,,,,,,
DATAFLOW,OECD.ELS.HD:DSD_HEALTH_STAT@DF_LE(1.0),Life expectancy,I,CRI,Costa Rica,A,Annual,LFEXP,Life expectancy,Y,Years,Y0,0 years,F,Female,_Z,Not applicable,_Z,Not applicable,_Z,Not applicable,_Z,Not applicable,_Z,Not applicable,_Z,Not applicable,_Z,Not applicable,2000,,80.2,,,,B,Time series break,,,,,,
DATAFLOW,OECD.ELS.HD:DSD_HEALTH_STAT@DF_LE(1.0),Life expectancy,I,CRI,Costa Rica,A,Annual,LFEXP,Life expectancy,Y,Years,Y0,0 years,F,Female,_Z,Not applicable,_Z,Not applicable,_Z,Not applicable,_Z,Not applicable,_Z,Not applicable,_Z,Not applicable,_Z,Not applicable,2013,,82.1,,,,,,,,,,,
DATAFLOW,OECD.ELS.HD:DSD_HEALTH_STAT@DF_LE(1.0),Life expectancy,I,CRI,Costa Rica,A,Annual,LFEXP,Life expectancy,Y,Years,Y0,0 years,F,Female,_Z,Not applicable,_Z,Not applicable,_Z,Not applicable,_Z,Not applicable,_Z,Not applicable,_Z,Not applicable,_Z,Not applicable,2012,,81.9,,,,,,,,,,,
DATAFLOW,OECD.ELS.HD:DSD_HEALTH_STAT@DF_LE(1.0),Life expectancy,I,CRI,Costa Rica,A,Annual,LFEXP,Life expectancy,Y,Years,Y0,0 years,F,Female,_Z,Not applicable,_Z,Not applicable,_Z,Not applicable,_Z,Not applicable,_Z,Not applicable,_Z,Not applicable,_Z,Not applicable,2011,,81.6,,,,,,,,,,,
DATAFLOW,OECD.ELS.HD:DSD_HEALTH_STAT@DF_LE(1.0),Life expectancy,I,CRI,Costa Rica,A,Annual,LFEXP,Life expectancy,Y,Years,Y0,0 years,F,Female,_Z,Not applicable,_Z,Not applicable,_Z,Not applicable,_Z,Not applicable,_Z,Not applicable,_Z,Not applicable,_Z,Not applicable,2008,,81.8,,,,,,,,,,,
DATAFLOW,OECD.ELS.HD:DSD_HEALTH_STAT@DF_LE(1.0),Life expectancy,I,CRI,Costa Rica,A,Annual,LFEXP,Life expectancy,Y,Years,Y0,0 years,F,Female,_Z,Not applicable,_Z,Not applicable,_Z,Not applicable,_Z,Not applicable,_Z,Not applicable,_Z,Not applicable,_Z,Not applicable,2007,,81.6,,,,,,,,,,,
DATAFLOW,OECD.ELS.HD:DSD_HEALTH_STAT@DF_LE(1.0),Life expectancy,I,CRI,Costa Rica,A,Annual,LFEXP,Life expectancy,Y,Years,Y0,0 years,F,Female,_Z,Not applicable,_Z,Not applicable,_Z,Not applicable,_Z,Not applicable,_Z,Not applicable,_Z,Not applicable,_Z,Not applicable,2006,,81.4,,,,,,,,,,,
DATAFLOW,OECD.ELS.HD:DSD_HEALTH_STAT@DF_LE(1.0),Life expectancy,I,CRI,Costa Rica,A,Annual,LFEXP,Life expectancy,Y,Years,Y0,0 years,F,Female,_Z,Not applicable,_Z,Not applicable,_Z,Not applicable,_Z,Not applicable,_Z,Not applicable,_Z,Not applicable,_Z,Not applicable,2005,,81.2,,,,,,,,,,,
DATAFLOW,OECD.ELS.HD:DSD_HEALTH_STAT@DF_LE(1.0),Life expectancy,I,CRI,Costa Rica,A,Annual,LFEXP,Life expectancy,Y,Years,Y0,0 years,F,Female,_Z,Not applicable,_Z,Not applicable,_Z,Not applicable,_Z,Not applicable,_Z,Not applicable,_Z,Not applicable,_Z,Not applicable,2004,,81,,,,,,,,,,,
DATAFLOW,OECD.ELS.HD:DSD_HEALTH_STAT@DF_LE(1.0),Life expectancy,I,CRI,Costa Rica,A,Annual,LFEXP,Life expectancy,Y,Years,Y0,0 years,F,Female,_Z,Not applicable,_Z,Not applicable,_Z,Not applicable,_Z,Not applicable,_Z,Not applicable,_Z,Not applicable,_Z,Not applicable,2003,,80.8,,,,,,,,,,,
DATAFLOW,OECD.ELS.HD:DSD_HEALTH_STAT@DF_LE(1.0),Life expectancy,I,CRI,Costa Rica,A,Annual,LFEXP,Life expectancy,Y,Years,Y0,0 years,F,Female,_Z,Not applicable,_Z,Not applicable,_Z,Not applicable,_Z,Not applicable,_Z,Not applicable,_Z,Not applicable,_Z,Not applicable,2002,,80.6,,,,,,,,,,,
DATAFLOW,OECD.ELS.HD:DSD_HEALTH_STAT@DF_LE(1.0),Life expectancy,I,CRI,Costa Rica,A,Annual,LFEXP,Life expectancy,Y,Years,Y0,0 years,F,Female,_Z,Not applicable,_Z,Not applicable,_Z,Not applicable,_Z,Not applicable,_Z,Not applicable,_Z,Not applicable,_Z,Not applicable,2010,,81.6,,,,,,,,,,,
DATAFLOW,OECD.ELS.HD:DSD_HEALTH_STAT@DF_LE(1.0),Life expectancy,I,CRI,Costa Rica,A,Annual,LFEXP,Life expectancy,Y,Years,Y0,0 years,F,Female,_Z,Not applicable,_Z,Not applicable,_Z,Not applicable,_Z,Not applicable,_Z,Not applicable,_Z,Not applicable,_Z,Not applicable,2009,,82,,,,,,,,,,,
DATAFLOW,OECD.ELS.HD:DSD_HEALTH_STAT@DF_LE(1.0),Life expectancy,I,CRI,Costa Rica,A,Annual,LFEXP,Life expectancy,Y,Years,Y0,0 years,F,Female,_Z,Not applicable,_Z,Not applicable,_Z,Not applicable,_Z,Not applicable,_Z,Not applicable,_Z,Not applicable,_Z,Not applicable,2023,,83.6,,,,,,,,,,,
DATAFLOW,OECD.ELS.HD:DSD_HEALTH_STAT@DF_LE(1.0),Life expectancy,I,CRI,Costa Rica,A,Annual,LFEXP,Life expectancy,Y,Years,Y0,0 years,F,Female,_Z,Not applicable,_Z,Not applicable,_Z,Not applicable,_Z,Not applicable,_Z,Not applicable,_Z,Not applicable,_Z,Not applicable,2022,,83.5,,,,,,,,,,,
DATAFLOW,OECD.ELS.HD:DSD_HEALTH_STAT@DF_LE(1.0),Life expectancy,I,CRI,Costa Rica,A,Annual,LFEXP,Life expectancy,Y,Years,Y0,0 years,F,Female,_Z,Not applicable,_Z,Not applicable,_Z,Not applicable,_Z,Not applicable,_Z,Not applicable,_Z,Not applicable,_Z,Not applicable,2021,,83.3,,,,,,,,,,,
DATAFLOW,OECD.ELS.HD:DSD_HEALTH_STAT@DF_LE(1.0),Life expectancy,I,CRI,Costa Rica,A,Annual,LFEXP,Life expectancy,Y,Years,Y0,0 years,F,Female,_Z,Not applicable,_Z,Not applicable,_Z,Not applicable,_Z,Not applicable,_Z,Not applicable,_Z,Not applicable,_Z,Not applicable,2020,,83.2,,,,,,,,,,,
DATAFLOW,OECD.ELS.HD:DSD_HEALTH_STAT@DF_LE(1.0),Life expectancy,I,CRI,Costa Rica,A,Annual,LFEXP,Life expectancy,Y,Years,Y0,0 years,F,Female,_Z,Not applicable,_Z,Not applicable,_Z,Not applicable,_Z,Not applicable,_Z,Not applicable,_Z,Not applicable,_Z,Not applicable,2019,,83,,,,,,,,,,,
DATAFLOW,OECD.ELS.HD:DSD_HEALTH_STAT@DF_LE(1.0),Life expectancy,I,CRI,Costa Rica,A,Annual,LFEXP,Life expectancy,Y,Years,Y0,0 years,F,Female,_Z,Not applicable,_Z,Not applicable,_Z,Not applicable,_Z,Not applicable,_Z,Not applicable,_Z,Not applicable,_Z,Not applicable,2018,,82.9,,,,,,,,,,,
DATAFLOW,OECD.ELS.HD:DSD_HEALTH_STAT@DF_LE(1.0),Life expectancy,I,CRI,Costa Rica,A,Annual,LFEXP,Life expectancy,Y,Years,Y0,0 years,F,Female,_Z,Not applicable,_Z,Not applicable,_Z,Not applicable,_Z,Not applicable,_Z,Not applicable,_Z,Not applicable,_Z,Not applicable,2017,,82.7,,,,,,,,,,,
DATAFLOW,OECD.ELS.HD:DSD_HEALTH_STAT@DF_LE(1.0),Life expectancy,I,CRI,Costa Rica,A,Annual,LFEXP,Life expectancy,Y,Years,Y0,0 years,F,Female,_Z,Not applicable,_Z,Not applicable,_Z,Not applicable,_Z,Not applicable,_Z,Not applicable,_Z,Not applicable,_Z,Not applicable,2016,,82.6,,,,,,,,,,,
DATAFLOW,OECD.ELS.HD:DSD_HEALTH_STAT@DF_LE(1.0),Life expectancy,I,GRC,Greece,A,Annual,LFEXP,Life expectancy,Y,Years,Y0,0 years,M,Male,_Z,Not applicable,_Z,Not applicable,_Z,Not applicable,_Z,Not applicable,_Z,Not applicable,_Z,Not applicable,_Z,Not applicable,2014,,78.8,,,,,,,,,,,
DATAFLOW,OECD.ELS.HD:DSD_HEALTH_STAT@DF_LE(1.0),Life expectancy,I,GRC,Greece,A,Annual,LFEXP,Life expectancy,Y,Years,Y0,0 years,M,Male,_Z,Not applicable,_Z,Not applicable,_Z,Not applicable,_Z,Not applicable,_Z,Not applicable,_Z,Not applicable,_Z,Not applicable,2013,,78.7,,,,,,,,,,,
DATAFLOW,OECD.ELS.HD:DSD_HEALTH_STAT@DF_LE(1.0),Life expectancy,I,GRC,Greece,A,Annual,LFEXP,Life expectancy,Y,Years,Y0,0 years,M,Male,_Z,Not applicable,_Z,Not applicable,_Z,Not applicable,_Z,Not applicable,_Z,Not applicable,_Z,Not applicable,_Z,Not applicable,2001,,76.3,,,,,,,,,,,
DATAFLOW,OECD.ELS.HD:DSD_HEALTH_STAT@DF_LE(1.0),Life expectancy,I,GRC,Greece,A,Annual,LFEXP,Life expectancy,Y,Years,Y0,0 years,M,Male,_Z,Not applicable,_Z,Not applicable,_Z,Not applicable,_Z,Not applicable,_Z,Not applicable,_Z,Not applicable,_Z,Not applicable,2000,,75.9,,,,,,,,,,,
DATAFLOW,OECD.ELS.HD:DSD_HEALTH_STAT@DF_LE(1.0),Life expectancy,I,GRC,Greece,A,Annual,LFEXP,Life expectancy,Y,Years,Y0,0 years,M,Male,_Z,Not applicable,_Z,Not applicable,_Z,Not applicable,_Z,Not applicable,_Z,Not applicable,_Z,Not applicable,_Z,Not applicable,1999,,75.9,,,,,,,,,,,
DATAFLOW,OECD.ELS.HD:DSD_HEALTH_STAT@DF_LE(1.0),Life expectancy,I,GRC,Greece,A,Annual,LFEXP,Life expectancy,Y,Years,Y0,0 years,M,Male,_Z,Not applicable,_Z,Not applicable,_Z,Not applicable,_Z,Not applicable,_Z,Not applicable,_Z,Not applicable,_Z,Not applicable,1998,,75.8,,,,,,,,,,,
DATAFLOW,OECD.ELS.HD:DSD_HEALTH_STAT@DF_LE(1.0),Life expectancy,I,GRC,Greece,A,Annual,LFEXP,Life expectancy,Y,Years,Y0,0 years,M,Male,_Z,Not applicable,_Z,Not applicable,_Z,Not applicable,_Z,Not applicable,_Z,Not applicable,_Z,Not applicable,_Z,Not applicable,2012,,78,,,,,,,,,,,
DATAFLOW,OECD.ELS.HD:DSD_HEALTH_STAT@DF_LE(1.0),Life expectancy,I,GRC,Greece,A,Annual,LFEXP,Life expectancy,Y,Years,Y0,0 years,M,Male,_Z,Not applicable,_Z,Not applicable,_Z,Not applicable,_Z,Not applicable,_Z,Not applicable,_Z,Not applicable,_Z,Not applicable,2011,,78,,,,,,,,,,,
DATAFLOW,OECD.ELS.HD:DSD_HEALTH_STAT@DF_LE(1.0),Life expectancy,I,GRC,Greece,A,Annual,LFEXP,Life expectancy,Y,Years,Y0,0 years,M,Male,_Z,Not applicable,_Z,Not applicable,_Z,Not applicable,_Z,Not applicable,_Z,Not applicable,_Z,Not applicable,_Z,Not applicable,2010,,78,,,,,,,,,,,
DATAFLOW,OECD.ELS.HD:DSD_HEALTH_STAT@DF_LE(1.0),Life expectancy,I,GRC,Greece,A,Annual,LFEXP,Life expectancy,Y,Years,Y0,0 years,M,Male,_Z,Not applicable,_Z,Not applicable,_Z,Not applicable,_Z,Not applicable,_Z,Not applicable,_Z,Not applicable,_Z,Not applicable,2009,,77.5,,,,,,,,,,,
DATAFLOW,OECD.ELS.HD:DSD_HEALTH_STAT@DF_LE(1.0),Life expectancy,I,GRC,Greece,A,Annual,LFEXP,Life expectancy,Y,Years,Y0,0 years,M,Male,_Z,Not applicable,_Z,Not applicable,_Z,Not applicable,_Z,Not applicable,_Z,Not applicable,_Z,Not applicable,_Z,Not applicable,2008,,77.5,,,,,,,,,,,
DATAFLOW,OECD.ELS.HD:DSD_HEALTH_STAT@DF_LE(1.0),Life expectancy,I,GRC,Greece,A,Annual,LFEXP,Life expectancy,Y,Years,Y0,0 years,M,Male,_Z,Not applicable,_Z,Not applicable,_Z,Not applicable,_Z,Not applicable,_Z,Not applicable,_Z,Not applicable,_Z,Not applicable,2006,,77.1,,,,,,,,,,,
DATAFLOW,OECD.ELS.HD:DSD_HEALTH_STAT@DF_LE(1.0),Life expectancy,I,GRC,Greece,A,Annual,LFEXP,Life expectancy,Y,Years,Y0,0 years,M,Male,_Z,Not applicable,_Z,Not applicable,_Z,Not applicable,_Z,Not applicable,_Z,Not applicable,_Z,Not applicable,_Z,Not applicable,2005,,76.8,,,,,,,,,,,
DATAFLOW,OECD.ELS.HD:DSD_HEALTH_STAT@DF_LE(1.0),Life expectancy,I,GRC,Greece,A,Annual,LFEXP,Life expectancy,Y,Years,Y0,0 years,M,Male,_Z,Not applicable,_Z,Not applicable,_Z,Not applicable,_Z,Not applicable,_Z,Not applicable,_Z,Not applicable,_Z,Not applicable,2004,,76.6,,,,,,,,,,,
DATAFLOW,OECD.ELS.HD:DSD_HEALTH_STAT@DF_LE(1.0),Life expectancy,I,GRC,Greece,A,Annual,LFEXP,Life expectancy,Y,Years,Y0,0 years,M,Male,_Z,Not applicable,_Z,Not applicable,_Z,Not applicable,_Z,Not applicable,_Z,Not applicable,_Z,Not applicable,_Z,Not applicable,2003,,76.6,,,,,,,,,,,
DATAFLOW,OECD.ELS.HD:DSD_HEALTH_STAT@DF_LE(1.0),Life expectancy,I,GRC,Greece,A,Annual,LFEXP,Life expectancy,Y,Years,Y0,0 years,M,Male,_Z,Not applicable,_Z,Not applicable,_Z,Not applicable,_Z,Not applicable,_Z,Not applicable,_Z,Not applicable,_Z,Not applicable,2002,,76.4,,,,,,,,,,,
DATAFLOW,OECD.ELS.HD:DSD_HEALTH_STAT@DF_LE(1.0),Life expectancy,I,GRC,Greece,A,Annual,LFEXP,Life expectancy,Y,Years,Y0,0 years,M,Male,_Z,Not applicable,_Z,Not applicable,_Z,Not applicable,_Z,Not applicable,_Z,Not applicable,_Z,Not applicable,_Z,Not applicable,2007,,76.9,,,,,,,,,,,
DATAFLOW,OECD.ELS.HD:DSD_HEALTH_STAT@DF_LE(1.0),Life expectancy,I,GRC,Greece,A,Annual,LFEXP,Life expectancy,Y,Years,Y0,0 years,M,Male,_Z,Not applicable,_Z,Not applicable,_Z,Not applicable,_Z,Not applicable,_Z,Not applicable,_Z,Not applicable,_Z,Not applicable,2023,,79,,,,,,,,,,,
DATAFLOW,OECD.ELS.HD:DSD_HEALTH_STAT@DF_LE(1.0),Life expectancy,I,GRC,Greece,A,Annual,LFEXP,Life expectancy,Y,Years,Y0,0 years,M,Male,_Z,Not applicable,_Z,Not applicable,_Z,Not applicable,_Z,Not applicable,_Z,Not applicable,_Z,Not applicable,_Z,Not applicable,2022,,78.3,,,,,,,,,,,
DATAFLOW,OECD.ELS.HD:DSD_HEALTH_STAT@DF_LE(1.0),Life expectancy,I,GRC,Greece,A,Annual,LFEXP,Life expectancy,Y,Years,Y0,0 years,M,Male,_Z,Not applicable,_Z,Not applicable,_Z,Not applicable,_Z,Not applicable,_Z,Not applicable,_Z,Not applicable,_Z,Not applicable,2021,,77.4,,,,,,,,,,,
DATAFLOW,OECD.ELS.HD:DSD_HEALTH_STAT@DF_LE(1.0),Life expectancy,I,GRC,Greece,A,Annual,LFEXP,Life expectancy,Y,Years,Y0,0 years,M,Male,_Z,Not applicable,_Z,Not applicable,_Z,Not applicable,_Z,Not applicable,_Z,Not applicable,_Z,Not applicable,_Z,Not applicable,2020,,78.8,,,,,,,,,,,
DATAFLOW,OECD.ELS.HD:DSD_HEALTH_STAT@DF_LE(1.0),Life expectancy,I,GRC,Greece,A,Annual,LFEXP,Life expectancy,Y,Years,Y0,0 years,M,Male,_Z,Not applicable,_Z,Not applicable,_Z,Not applicable,_Z,Not applicable,_Z,Not applicable,_Z,Not applicable,_Z,Not applicable,2019,,79.2,,,,,,,,,,,
DATAFLOW,OECD.ELS.HD:DSD_HEALTH_STAT@DF_LE(1.0),Life expectancy,I,GRC,Greece,A,Annual,LFEXP,Life expectancy,Y,Years,Y0,0 years,M,Male,_Z,Not applicable,_Z,Not applicable,_Z,Not applicable,_Z,Not applicable,_Z,Not applicable,_Z,Not applicable,_Z,Not applicable,2018,,79.3,,,,,,,,,,,
DATAFLOW,OECD.ELS.HD:DSD_HEALTH_STAT@DF_LE(1.0),Life expectancy,I,GRC,Greece,A,Annual,LFEXP,Life expectancy,Y,Years,Y0,0 years,M,Male,_Z,Not applicable,_Z,Not applicable,_Z,Not applicable,_Z,Not applicable,_Z,Not applicable,_Z,Not applicable,_Z,Not applicable,2017,,78.8,,,,,,,,,,,
DATAFLOW,OECD.ELS.HD:DSD_HEALTH_STAT@DF_LE(1.0),Life expectancy,I,GRC,Greece,A,Annual,LFEXP,Life expectancy,Y,Years,Y0,0 years,M,Male,_Z,Not applicable,_Z,Not applicable,_Z,Not applicable,_Z,Not applicable,_Z,Not applicable,_Z,Not applicable,_Z,Not applicable,2016,,78.9,,,,,,,,,,,
DATAFLOW,OECD.ELS.HD:DSD_HEALTH_STAT@DF_LE(1.0),Life expectancy,I,GRC,Greece,A,Annual,LFEXP,Life expectancy,Y,Years,Y0,0 years,M,Male,_Z,Not applicable,_Z,Not applicable,_Z,Not applicable,_Z,Not applicable,_Z,Not applicable,_Z,Not applicable,_Z,Not applicable,2015,,78.5,,,,,,,,,,,
DATAFLOW,OECD.ELS.HD:DSD_HEALTH_STAT@DF_LE(1.0),Life expectancy,I,GRC,Greece,A,Annual,LFEXP,Life expectancy,Y,Years,Y0,0 years,F,Female,_Z,Not applicable,_Z,Not applicable,_Z,Not applicable,_Z,Not applicable,_Z,Not applicable,_Z,Not applicable,_Z,Not applicable,2015,,83.7,,,,,,,,,,,
DATAFLOW,OECD.ELS.HD:DSD_HEALTH_STAT@DF_LE(1.0),Life expectancy,I,GRC,Greece,A,Annual,LFEXP,Life expectancy,Y,Years,Y0,0 years,F,Female,_Z,Not applicable,_Z,Not applicable,_Z,Not applicable,_Z,Not applicable,_Z,Not applicable,_Z,Not applicable,_Z,Not applicable,2014,,84.1,,,,,,,,,,,
DATAFLOW,OECD.ELS.HD:DSD_HEALTH_STAT@DF_LE(1.0),Life expectancy,I,GRC,Greece,A,Annual,LFEXP,Life expectancy,Y,Years,Y0,0 years,F,Female,_Z,Not applicable,_Z,Not applicable,_Z,Not applicable,_Z,Not applicable,_Z,Not applicable,_Z,Not applicable,_Z,Not applicable,2003,,82,,,,,,,,,,,
DATAFLOW,OECD.ELS.HD:DSD_HEALTH_STAT@DF_LE(1.0),Life expectancy,I,GRC,Greece,A,Annual,LFEXP,Life expectancy,Y,Years,Y0,0 years,F,Female,_Z,Not applicable,_Z,Not applicable,_Z,Not applicable,_Z,Not applicable,_Z,Not applicable,_Z,Not applicable,_Z,Not applicable,2002,,82,,,,,,,,,,,
DATAFLOW,OECD.ELS.HD:DSD_HEALTH_STAT@DF_LE(1.0),Life expectancy,I,GRC,Greece,A,Annual,LFEXP,Life expectancy,Y,Years,Y0,0 years,F,Female,_Z,Not applicable,_Z,Not applicable,_Z,Not applicable,_Z,Not applicable,_Z,Not applicable,_Z,Not applicable,_Z,Not applicable,2001,,81.9,,,,,,,,,,,
DATAFLOW,OECD.ELS.HD:DSD_HEALTH_STAT@DF_LE(1.0),Life expectancy,I,GRC,Greece,A,Annual,LFEXP,Life expectancy,Y,Years,Y0,0 years,F,Female,_Z,Not applicable,_Z,Not applicable,_Z,Not applicable,_Z,Not applicable,_Z,Not applicable,_Z,Not applicable,_Z,Not applicable,1998,,80.9,,,,,,,,,,,
DATAFLOW,OECD.ELS.HD:DSD_HEALTH_STAT@DF_LE(1.0),Life expectancy,I,GRC,Greece,A,Annual,LFEXP,Life expectancy,Y,Years,Y0,0 years,F,Female,_Z,Not applicable,_Z,Not applicable,_Z,Not applicable,_Z,Not applicable,_Z,Not applicable,_Z,Not applicable,_Z,Not applicable,2013,,84,,,,,,,,,,,
DATAFLOW,OECD.ELS.HD:DSD_HEALTH_STAT@DF_LE(1.0),Life expectancy,I,GRC,Greece,A,Annual,LFEXP,Life expectancy,Y,Years,Y0,0 years,F,Female,_Z,Not applicable,_Z,Not applicable,_Z,Not applicable,_Z,Not applicable,_Z,Not applicable,_Z,Not applicable,_Z,Not applicable,2012,,83.4,,,,,,,,,,,
DATAFLOW,OECD.ELS.HD:DSD_HEALTH_STAT@DF_LE(1.0),Life expectancy,I,GRC,Greece,A,Annual,LFEXP,Life expectancy,Y,Years,Y0,0 years,F,Female,_Z,Not applicable,_Z,Not applicable,_Z,Not applicable,_Z,Not applicable,_Z,Not applicable,_Z,Not applicable,_Z,Not applicable,2011,,83.6,,,,,,,,,,,
DATAFLOW,OECD.ELS.HD:DSD_HEALTH_STAT@DF_LE(1.0),Life expectancy,I,GRC,Greece,A,Annual,LFEXP,Life expectancy,Y,Years,Y0,0 years,F,Female,_Z,Not applicable,_Z,Not applicable,_Z,Not applicable,_Z,Not applicable,_Z,Not applicable,_Z,Not applicable,_Z,Not applicable,2010,,83.3,,,,,,,,,,,
DATAFLOW,OECD.ELS.HD:DSD_HEALTH_STAT@DF_LE(1.0),Life expectancy,I,GRC,Greece,A,Annual,LFEXP,Life expectancy,Y,Years,Y0,0 years,F,Female,_Z,Not applicable,_Z,Not applicable,_Z,Not applicable,_Z,Not applicable,_Z,Not applicable,_Z,Not applicable,_Z,Not applicable,2009,,83.3,,,,,,,,,,,
DATAFLOW,OECD.ELS.HD:DSD_HEALTH_STAT@DF_LE(1.0),Life expectancy,I,GRC,Greece,A,Annual,LFEXP,Life expectancy,Y,Years,Y0,0 years,F,Female,_Z,Not applicable,_Z,Not applicable,_Z,Not applicable,_Z,Not applicable,_Z,Not applicable,_Z,Not applicable,_Z,Not applicable,2008,,83,,,,,,,,,,,
DATAFLOW,OECD.ELS.HD:DSD_HEALTH_STAT@DF_LE(1.0),Life expectancy,I,GRC,Greece,A,Annual,LFEXP,Life expectancy,Y,Years,Y0,0 years,F,Female,_Z,Not applicable,_Z,Not applicable,_Z,Not applicable,_Z,Not applicable,_Z,Not applicable,_Z,Not applicable,_Z,Not applicable,2007,,82.5,,,,,,,,,,,
DATAFLOW,OECD.ELS.HD:DSD_HEALTH_STAT@DF_LE(1.0),Life expectancy,I,GRC,Greece,A,Annual,LFEXP,Life expectancy,Y,Years,Y0,0 years,F,Female,_Z,Not applicable,_Z,Not applicable,_Z,Not applicable,_Z,Not applicable,_Z,Not applicable,_Z,Not applicable,_Z,Not applicable,2006,,82.7,,,,,,,,,,,
DATAFLOW,OECD.ELS.HD:DSD_HEALTH_STAT@DF_LE(1.0),Life expectancy,I,GRC,Greece,A,Annual,LFEXP,Life expectancy,Y,Years,Y0,0 years,F,Female,_Z,Not applicable,_Z,Not applicable,_Z,Not applicable,_Z,Not applicable,_Z,Not applicable,_Z,Not applicable,_Z,Not applicable,2005,,82.5,,,,,,,,,,,
DATAFLOW,OECD.ELS.HD:DSD_HEALTH_STAT@DF_LE(1.0),Life expectancy,I,JPN,Japan,A,Annual,LFEXP,Life expectancy,Y,Years,Y0,0 years,M,Male,_Z,Not applicable,_Z,Not applicable,_Z,Not applicable,_Z,Not applicable,_Z,Not applicable,_Z,Not applicable,_Z,Not applicable,1999,,77.1,,,,,,,,,,,
DATAFLOW,OECD.ELS.HD:DSD_HEALTH_STAT@DF_LE(1.0),Life expectancy,I,JPN,Japan,A,Annual,LFEXP,Life expectancy,Y,Years,Y0,0 years,M,Male,_Z,Not applicable,_Z,Not applicable,_Z,Not applicable,_Z,Not applicable,_Z,Not applicable,_Z,Not applicable,_Z,Not applicable,1998,,77.2,,,,,,,,,,,
DATAFLOW,OECD.ELS.HD:DSD_HEALTH_STAT@DF_LE(1.0),Life expectancy,I,GRC,Greece,A,Annual,LFEXP,Life expectancy,Y,Years,Y0,0 years,F,Female,_Z,Not applicable,_Z,Not applicable,_Z,Not applicable,_Z,Not applicable,_Z,Not applicable,_Z,Not applicable,_Z,Not applicable,1999,,81.1,,,,,,,,,,,
DATAFLOW,OECD.ELS.HD:DSD_HEALTH_STAT@DF_LE(1.0),Life expectancy,I,GRC,Greece,A,Annual,LFEXP,Life expectancy,Y,Years,Y0,0 years,F,Female,_Z,Not applicable,_Z,Not applicable,_Z,Not applicable,_Z,Not applicable,_Z,Not applicable,_Z,Not applicable,_Z,Not applicable,2023,,84.2,,,,,,,,,,,
DATAFLOW,OECD.ELS.HD:DSD_HEALTH_STAT@DF_LE(1.0),Life expectancy,I,GRC,Greece,A,Annual,LFEXP,Life expectancy,Y,Years,Y0,0 years,F,Female,_Z,Not applicable,_Z,Not applicable,_Z,Not applicable,_Z,Not applicable,_Z,Not applicable,_Z,Not applicable,_Z,Not applicable,2022,,83.4,,,,,,,,,,,
DATAFLOW,OECD.ELS.HD:DSD_HEALTH_STAT@DF_LE(1.0),Life expectancy,I,GRC,Greece,A,Annual,LFEXP,Life expectancy,Y,Years,Y0,0 years,F,Female,_Z,Not applicable,_Z,Not applicable,_Z,Not applicable,_Z,Not applicable,_Z,Not applicable,_Z,Not applicable,_Z,Not applicable,2021,,82.9,,,,,,,,,,,
DATAFLOW,OECD.ELS.HD:DSD_HEALTH_STAT@DF_LE(1.0),Life expectancy,I,GRC,Greece,A,Annual,LFEXP,Life expectancy,Y,Years,Y0,0 years,F,Female,_Z,Not applicable,_Z,Not applicable,_Z,Not applicable,_Z,Not applicable,_Z,Not applicable,_Z,Not applicable,_Z,Not applicable,2020,,83.9,,,,,,,,,,,
DATAFLOW,OECD.ELS.HD:DSD_HEALTH_STAT@DF_LE(1.0),Life expectancy,I,GRC,Greece,A,Annual,LFEXP,Life expectancy,Y,Years,Y0,0 years,F,Female,_Z,Not applicable,_Z,Not applicable,_Z,Not applicable,_Z,Not applicable,_Z,Not applicable,_Z,Not applicable,_Z,Not applicable,2019,,84.2,,,,,,,,,,,
DATAFLOW,OECD.ELS.HD:DSD_HEALTH_STAT@DF_LE(1.0),Life expectancy,I,GRC,Greece,A,Annual,LFEXP,Life expectancy,Y,Years,Y0,0 years,F,Female,_Z,Not applicable,_Z,Not applicable,_Z,Not applicable,_Z,Not applicable,_Z,Not applicable,_Z,Not applicable,_Z,Not applicable,2018,,84.4,,,,,,,,,,,
DATAFLOW,OECD.ELS.HD:DSD_HEALTH_STAT@DF_LE(1.0),Life expectancy,I,GRC,Greece,A,Annual,LFEXP,Life expectancy,Y,Years,Y0,0 years,F,Female,_Z,Not applicable,_Z,Not applicable,_Z,Not applicable,_Z,Not applicable,_Z,Not applicable,_Z,Not applicable,_Z,Not applicable,2017,,83.9,,,,,,,,,,,
DATAFLOW,OECD.ELS.HD:DSD_HEALTH_STAT@DF_LE(1.0),Life expectancy,I,GRC,Greece,A,Annual,LFEXP,Life expectancy,Y,Years,Y0,0 years,F,Female,_Z,Not applicable,_Z,Not applicable,_Z,Not applicable,_Z,Not applicable,_Z,Not applicable,_Z,Not applicable,_Z,Not applicable,2016,,84,,,,,,,,,,,
DATAFLOW,OECD.ELS.HD:DSD_HEALTH_STAT@DF_LE(1.0),Life expectancy,I,CAN,Canada,A,Annual,LFEXP,Life expectancy,Y,Years,Y0,0 years,F,Female,_Z,Not applicable,_Z,Not applicable,_Z,Not applicable,_Z,Not applicable,_Z,Not applicable,_Z,Not applicable,_Z,Not applicable,2014,,83.9,,,,,,,,,,,
DATAFLOW,OECD.ELS.HD:DSD_HEALTH_STAT@DF_LE(1.0),Life expectancy,I,CAN,Canada,A,Annual,LFEXP,Life expectancy,Y,Years,Y0,0 years,F,Female,_Z,Not applicable,_Z,Not applicable,_Z,Not applicable,_Z,Not applicable,_Z,Not applicable,_Z,Not applicable,_Z,Not applicable,2013,,83.9,,,,,,,,,,,
DATAFLOW,OECD.ELS.HD:DSD_HEALTH_STAT@DF_LE(1.0),Life expectancy,I,CAN,Canada,A,Annual,LFEXP,Life expectancy,Y,Years,Y0,0 years,F,Female,_Z,Not applicable,_Z,Not applicable,_Z,Not applicable,_Z,Not applicable,_Z,Not applicable,_Z,Not applicable,_Z,Not applicable,2000,,81.8,,,,,,,,,,,
DATAFLOW,OECD.ELS.HD:DSD_HEALTH_STAT@DF_LE(1.0),Life expectancy,I,CAN,Canada,A,Annual,LFEXP,Life expectancy,Y,Years,Y0,0 years,F,Female,_Z,Not applicable,_Z,Not applicable,_Z,Not applicable,_Z,Not applicable,_Z,Not applicable,_Z,Not applicable,_Z,Not applicable,1999,,81.6,,,,,,,,,,,
DATAFLOW,OECD.ELS.HD:DSD_HEALTH_STAT@DF_LE(1.0),Life expectancy,I,CAN,Canada,A,Annual,LFEXP,Life expectancy,Y,Years,Y0,0 years,F,Female,_Z,Not applicable,_Z,Not applicable,_Z,Not applicable,_Z,Not applicable,_Z,Not applicable,_Z,Not applicable,_Z,Not applicable,1998,,81.4,,,,,,,,,,,
DATAFLOW,OECD.ELS.HD:DSD_HEALTH_STAT@DF_LE(1.0),Life expectancy,I,CAN,Canada,A,Annual,LFEXP,Life expectancy,Y,Years,Y0,0 years,F,Female,_Z,Not applicable,_Z,Not applicable,_Z,Not applicable,_Z,Not applicable,_Z,Not applicable,_Z,Not applicable,_Z,Not applicable,2003,,82.2,,,,,,,,,,,
DATAFLOW,OECD.ELS.HD:DSD_HEALTH_STAT@DF_LE(1.0),Life expectancy,I,CAN,Canada,A,Annual,LFEXP,Life expectancy,Y,Years,Y0,0 years,F,Female,_Z,Not applicable,_Z,Not applicable,_Z,Not applicable,_Z,Not applicable,_Z,Not applicable,_Z,Not applicable,_Z,Not applicable,2012,,83.8,,,,,,,,,,,
DATAFLOW,OECD.ELS.HD:DSD_HEALTH_STAT@DF_LE(1.0),Life expectancy,I,CAN,Canada,A,Annual,LFEXP,Life expectancy,Y,Years,Y0,0 years,F,Female,_Z,Not applicable,_Z,Not applicable,_Z,Not applicable,_Z,Not applicable,_Z,Not applicable,_Z,Not applicable,_Z,Not applicable,2011,,83.7,,,,,,,,,,,
DATAFLOW,OECD.ELS.HD:DSD_HEALTH_STAT@DF_LE(1.0),Life expectancy,I,CAN,Canada,A,Annual,LFEXP,Life expectancy,Y,Years,Y0,0 years,F,Female,_Z,Not applicable,_Z,Not applicable,_Z,Not applicable,_Z,Not applicable,_Z,Not applicable,_Z,Not applicable,_Z,Not applicable,2010,,83.5,,,,,,,,,,,
DATAFLOW,OECD.ELS.HD:DSD_HEALTH_STAT@DF_LE(1.0),Life expectancy,I,CAN,Canada,A,Annual,LFEXP,Life expectancy,Y,Years,Y0,0 years,F,Female,_Z,Not applicable,_Z,Not applicable,_Z,Not applicable,_Z,Not applicable,_Z,Not applicable,_Z,Not applicable,_Z,Not applicable,2009,,83.3,,,,,,,,,,,
DATAFLOW,OECD.ELS.HD:DSD_HEALTH_STAT@DF_LE(1.0),Life expectancy,I,CAN,Canada,A,Annual,LFEXP,Life expectancy,Y,Years,Y0,0 years,F,Female,_Z,Not applicable,_Z,Not applicable,_Z,Not applicable,_Z,Not applicable,_Z,Not applicable,_Z,Not applicable,_Z,Not applicable,2008,,83.1,,,,,,,,,,,
DATAFLOW,OECD.ELS.HD:DSD_HEALTH_STAT@DF_LE(1.0),Life expectancy,I,CAN,Canada,A,Annual,LFEXP,Life expectancy,Y,Years,Y0,0 years,F,Female,_Z,Not applicable,_Z,Not applicable,_Z,Not applicable,_Z,Not applicable,_Z,Not applicable,_Z,Not applicable,_Z,Not applicable,2007,,82.9,,,,,,,,,,,
DATAFLOW,OECD.ELS.HD:DSD_HEALTH_STAT@DF_LE(1.0),Life expectancy,I,CAN,Canada,A,Annual,LFEXP,Life expectancy,Y,Years,Y0,0 years,F,Female,_Z,Not applicable,_Z,Not applicable,_Z,Not applicable,_Z,Not applicable,_Z,Not applicable,_Z,Not applicable,_Z,Not applicable,2006,,82.9,,,,,,,,,,,
DATAFLOW,OECD.ELS.HD:DSD_HEALTH_STAT@DF_LE(1.0),Life expectancy,I,CAN,Canada,A,Annual,LFEXP,Life expectancy,Y,Years,Y0,0 years,F,Female,_Z,Not applicable,_Z,Not applicable,_Z,Not applicable,_Z,Not applicable,_Z,Not applicable,_Z,Not applicable,_Z,Not applicable,2005,,82.5,,,,,,,,,,,
DATAFLOW,OECD.ELS.HD:DSD_HEALTH_STAT@DF_LE(1.0),Life expectancy,I,CAN,Canada,A,Annual,LFEXP,Life expectancy,Y,Years,Y0,0 years,F,Female,_Z,Not applicable,_Z,Not applicable,_Z,Not applicable,_Z,Not applicable,_Z,Not applicable,_Z,Not applicable,_Z,Not applicable,2002,,82,,,,,,,,,,,
DATAFLOW,OECD.ELS.HD:DSD_HEALTH_STAT@DF_LE(1.0),Life expectancy,I,CAN,Canada,A,Annual,LFEXP,Life expectancy,Y,Years,Y0,0 years,F,Female,_Z,Not applicable,_Z,Not applicable,_Z,Not applicable,_Z,Not applicable,_Z,Not applicable,_Z,Not applicable,_Z,Not applicable,2001,,82,,,,,,,,,,,
DATAFLOW,OECD.ELS.HD:DSD_HEALTH_STAT@DF_LE(1.0),Life expectancy,I,CAN,Canada,A,Annual,LFEXP,Life expectancy,Y,Years,Y0,0 years,F,Female,_Z,Not applicable,_Z,Not applicable,_Z,Not applicable,_Z,Not applicable,_Z,Not applicable,_Z,Not applicable,_Z,Not applicable,2004,,82.4,,,,,,,,,,,
DATAFLOW,OECD.ELS.HD:DSD_HEALTH_STAT@DF_LE(1.0),Life expectancy,I,CAN,Canada,A,Annual,LFEXP,Life expectancy,Y,Years,Y0,0 years,F,Female,_Z,Not applicable,_Z,Not applicable,_Z,Not applicable,_Z,Not applicable,_Z,Not applicable,_Z,Not applicable,_Z,Not applicable,2021,,84,,,,,,,,,,,
DATAFLOW,OECD.ELS.HD:DSD_HEALTH_STAT@DF_LE(1.0),Life expectancy,I,CAN,Canada,A,Annual,LFEXP,Life expectancy,Y,Years,Y0,0 years,F,Female,_Z,Not applicable,_Z,Not applicable,_Z,Not applicable,_Z,Not applicable,_Z,Not applicable,_Z,Not applicable,_Z,Not applicable,2020,,84,,,,,,,,,,,
DATAFLOW,OECD.ELS.HD:DSD_HEALTH_STAT@DF_LE(1.0),Life expectancy,I,CAN,Canada,A,Annual,LFEXP,Life expectancy,Y,Years,Y0,0 years,F,Female,_Z,Not applicable,_Z,Not applicable,_Z,Not applicable,_Z,Not applicable,_Z,Not applicable,_Z,Not applicable,_Z,Not applicable,2019,,84.4,,,,,,,,,,,
DATAFLOW,OECD.ELS.HD:DSD_HEALTH_STAT@DF_LE(1.0),Life expectancy,I,CAN,Canada,A,Annual,LFEXP,Life expectancy,Y,Years,Y0,0 years,F,Female,_Z,Not applicable,_Z,Not applicable,_Z,Not applicable,_Z,Not applicable,_Z,Not applicable,_Z,Not applicable,_Z,Not applicable,2018,,84,,,,,,,,,,,
DATAFLOW,OECD.ELS.HD:DSD_HEALTH_STAT@DF_LE(1.0),Life expectancy,I,CAN,Canada,A,Annual,LFEXP,Life expectancy,Y,Years,Y0,0 years,F,Female,_Z,Not applicable,_Z,Not applicable,_Z,Not applicable,_Z,Not applicable,_Z,Not applicable,_Z,Not applicable,_Z,Not applicable,2017,,84,,,,,,,,,,,
DATAFLOW,OECD.ELS.HD:DSD_HEALTH_STAT@DF_LE(1.0),Life expectancy,I,CAN,Canada,A,Annual,LFEXP,Life expectancy,Y,Years,Y0,0 years,F,Female,_Z,Not applicable,_Z,Not applicable,_Z,Not applicable,_Z,Not applicable,_Z,Not applicable,_Z,Not applicable,_Z,Not applicable,2016,,84,,,,,,,,,,,
DATAFLOW,OECD.ELS.HD:DSD_HEALTH_STAT@DF_LE(1.0),Life expectancy,I,CAN,Canada,A,Annual,LFEXP,Life expectancy,Y,Years,Y0,0 years,F,Female,_Z,Not applicable,_Z,Not applicable,_Z,Not applicable,_Z,Not applicable,_Z,Not applicable,_Z,Not applicable,_Z,Not applicable,2015,,83.9,,,,,,,,,,,
