STRUCTURE,STRUCTURE_ID,STRUCTURE_NAME,ACTION,REF_AREA,Reference area,FREQ,Frequency of observation,MEASURE,Measure,AGE,Age,SEX,Sex,UNIT_MEASURE,Unit of measure,METHODOLOGY,Measurement method,TIME_PERIOD,Time period,OBS_VALUE,Observation value,OBS_STATUS,Observation status,UNIT_MULT,Unit multiplier,DECIMALS,Decimals
DATAFLOW,OECD.ELS.HD:DSD_HEALTH_LVNG@DF_HEALTH_LVNG_TC(1.0),Tobacco consumption,I,CAN,Canada,A,Annual,SP_DS,Share of population who are daily smokers,Y15T24,From 15 to 24 years,F,Female,PT_POP,Percentage of population,_Z,Not applicable,2008,,13.8,,A,Normal value,0,Units,,
DATAFLOW,OECD.ELS.HD:DSD_HEALTH_LVNG@DF_HEALTH_LVNG_TC(1.0),Tobacco consumption,I,CRI,Costa Rica,A,Annual,SP_DS,Share of population who are daily smokers,Y15T24,From 15 to 24 years,_T,Total,PT_POP,Percentage of population,_Z,Not applicable,2010,,12.9,,A,Normal value,0,Units,,
DATAFLOW,OECD.ELS.HD:DSD_HEALTH_LVNG@DF_HEALTH_LVNG_TC(1.0),Tobacco consumption,I,CRI,Costa Rica,A,Annual,SP_DS,Share of population who are daily smokers,Y15T24,From 15 to 24 years,_T,Total,PT_POP,Percentage of population,_Z,Not applicable,2009,,13.8,,A,Normal value,0,Units,,
DATAFLOW,OECD.ELS.HD:DSD_HEALTH_LVNG@DF_HEALTH_LVNG_TC(1.0),Tobacco consumption,I,CRI,Costa Rica,A,Annual,SP_DS,Share of population who are daily smokers,Y15T24,From 15 to 24 years,_T,Total,PT_POP,Percentage of population,_Z,Not applicable,2008,,14.7,,A,Normal value,0,Units,,
DATAFLOW,OECD.ELS.HD:DSD_HEALTH_LVNG@DF_HEALTH_LVNG_TC(1.0),Tobacco consumption,I,CRI,Costa Rica,A,Annual,SP_DS,Share of population who are daily smokers,Y15T24,From 15 to 24 years,_T,Total,PT_POP,Percentage of population,_Z,Not applicable,2007,,15.5,,A,Normal value,0,Units,,
DATAFLOW,OECD.ELS.HD:DSD_HEALTH_LVNG@DF_HEALTH_LVNG_TC(1.0),Tobacco consumption,I,CRI,Costa Rica,A,Annual,SP_DS,Share of population who are daily smokers,Y15T24,From 15 to 24 years,_T,Total,PT_POP,Percentage of population,_Z,Not applicable,2006,,16.4,,A,Normal value,0,Units,,
DATAFLOW,OECD.ELS.HD:DSD_HEALTH_LVNG@DF_HEALTH_LVNG_TC(1.0),Tobacco consumption,I,CRI,Costa Rica,A,Annual,SP_DS,Share of population who are daily smokers,Y15T24,From 15 to 24 years,_T,Total,PT_POP,Percentage of population,_Z,Not applicable,2000,,9.8,,A,Normal value,0,Units,,
DATAFLOW,OECD.ELS.HD:DSD_HEALTH_LVNG@DF_HEALTH_LVNG_TC(1.0),Tobacco consumption,I,CRI,Costa Rica,A,Annual,SP_DS,Share of population who are daily smokers,Y15T24,From 15 to 24 years,_T,Total,PT_POP,Percentage of population,_Z,Not applicable,1999,,9.8,,E,Estimated value,0,Units,,
DATAFLOW,OECD.ELS.HD:DSD_HEALTH_LVNG@DF_HEALTH_LVNG_TC(1.0),Tobacco consumption,I,CRI,Costa Rica,A,Annual,SP_DS,Share of population who are daily smokers,Y15T24,From 15 to 24 years,_T,Total,PT_POP,Percentage of population,_Z,Not applicable,1998,,9.8,,E,Estimated value,0,Units,,
DATAFLOW,OECD.ELS.HD:DSD_HEALTH_LVNG@DF_HEALTH_LVNG_TC(1.0),Tobacco consumption,I,CRI,Costa Rica,A,Annual,SP_DS,Share of population who are daily smokers,Y15T24,From 15 to 24 years,M,Male,PT_POP,Percentage of population,_Z,Not applicable,2013,,14.5,,A,Normal value,0,Units,,
DATAFLOW,OECD.ELS.HD:DSD_HEALTH_LVNG@DF_HEALTH_LVNG_TC(1.0),Tobacco consumption,I,CRI,Costa Rica,A,Annual,SP_DS,Share of population who are daily smokers,Y15T24,From 15 to 24 years,M,Male,PT_POP,Percentage of population,_Z,Not applicable,2012,,15,,A,Normal value,0,Units,,
DATAFLOW,OECD.ELS.HD:DSD_HEALTH_LVNG@DF_HEALTH_LVNG_TC(1.0),Tobacco consumption,I,CRI,Costa Rica,A,Annual,SP_DS,Share of population who are daily smokers,Y15T24,From 15 to 24 years,M,Male,PT_POP,Percentage of population,_Z,Not applicable,2011,,15.5,,A,Normal value,0,Units,,
DATAFLOW,OECD.ELS.HD:DSD_HEALTH_LVNG@DF_HEALTH_LVNG_TC(1.0),Tobacco consumption,I,CRI,Costa Rica,A,Annual,SP_DS,Share of population who are daily smokers,Y15T24,From 15 to 24 years,M,Male,PT_POP,Percentage of population,_Z,Not applicable,2010,,16.1,,A,Normal value,0,Units,,
DATAFLOW,OECD.ELS.HD:DSD_HEALTH_LVNG@DF_HEALTH_LVNG_TC(1.0),Tobacco consumption,I,CRI,Costa Rica,A,Annual,SP_DS,Share of population who are daily smokers,Y15T24,From 15 to 24 years,M,Male,PT_POP,Percentage of population,_Z,Not applicable,2009,,17.4,,A,Normal value,0,Units,,
DATAFLOW,OECD.ELS.HD:DSD_HEALTH_LVNG@DF_HEALTH_LVNG_TC(1.0),Tobacco consumption,I,CRI,Costa Rica,A,Annual,SP_DS,Share of population who are daily smokers,Y15T24,From 15 to 24 years,M,Male,PT_POP,Percentage of population,_Z,Not applicable,2008,,18.7,,A,Normal value,0,Units,,
DATAFLOW,OECD.ELS.HD:DSD_HEALTH_LVNG@DF_HEALTH_LVNG_TC(1.0),Tobacco consumption,I,CRI,Costa Rica,A,Annual,SP_DS,Share of population who are daily smokers,Y15T24,From 15 to 24 years,M,Male,PT_POP,Percentage of population,_Z,Not applicable,2007,,20,,A,Normal value,0,Units,,
DATAFLOW,OECD.ELS.HD:DSD_HEALTH_LVNG@DF_HEALTH_LVNG_TC(1.0),Tobacco consumption,I,CRI,Costa Rica,A,Annual,SP_DS,Share of population who are daily smokers,Y15T24,From 15 to 24 years,M,Male,PT_POP,Percentage of population,_Z,Not applicable,2006,,21.3,,A,Normal value,0,Units,,
DATAFLOW,OECD.ELS.HD:DSD_HEALTH_LVNG@DF_HEALTH_LVNG_TC(1.0),Tobacco consumption,I,CRI,Costa Rica,A,Annual,SP_DS,Share of population who are daily smokers,Y15T24,From 15 to 24 years,M,Male,PT_POP,Percentage of population,_Z,Not applicable,2000,,13.9,,A,Normal value,0,Units,,
DATAFLOW,OECD.ELS.HD:DSD_HEALTH_LVNG@DF_HEALTH_LVNG_TC(1.0),Tobacco consumption,I,CRI,Costa Rica,A,Annual,SP_DS,Share of population who are daily smokers,Y15T24,From 15 to 24 years,M,Male,PT_POP,Percentage of population,_Z,Not applicable,1999,,14.6,,E,Estimated value,0,Units,,
DATAFLOW,OECD.ELS.HD:DSD_HEALTH_LVNG@DF_HEALTH_LVNG_TC(1.0),Tobacco consumption,I,CRI,Costa Rica,A,Annual,SP_DS,Share of population who are daily smokers,Y15T24,From 15 to 24 years,M,Male,PT_POP,Percentage of population,_Z,Not applicable,1998,,15.4,,E,Estimated value,0,Units,,
DATAFLOW,OECD.ELS.HD:DSD_HEALTH_LVNG@DF_HEALTH_LVNG_TC(1.0),Tobacco consumption,I,CRI,Costa Rica,A,Annual,SP_DS,Share of population who are daily smokers,Y15T24,From 15 to 24 years,_T,Total,PT_POP,Percentage of population,_Z,Not applicable,2018,,6.7,,E,Estimated value,0,Units,,
DATAFLOW,OECD.ELS.HD:DSD_HEALTH_LVNG@DF_HEALTH_LVNG_TC(1.0),Tobacco consumption,I,CRI,Costa Rica,A,Annual,SP_DS,Share of population who are daily smokers,Y15T24,From 15 to 24 years,_T,Total,PT_POP,Percentage of population,_Z,Not applicable,2017,,7.5,,E,Estimated value,0,Units,,
DATAFLOW,OECD.ELS.HD:DSD_HEALTH_LVNG@DF_HEALTH_LVNG_TC(1.0),Tobacco consumption,I,CRI,Costa Rica,A,Annual,SP_DS,Share of population who are daily smokers,Y15T24,From 15 to 24 years,_T,Total,PT_POP,Percentage of population,_Z,Not applicable,2016,,8.3,,E,Estimated value,0,Units,,
DATAFLOW,OECD.ELS.HD:DSD_HEALTH_LVNG@DF_HEALTH_LVNG_TC(1.0),Tobacco consumption,I,CRI,Costa Rica,A,Annual,SP_DS,Share of population who are daily smokers,Y15T24,From 15 to 24 years,_T,Total,PT_POP,Percentage of population,_Z,Not applicable,2015,,9.2,,A,Normal value,0,Units,,
DATAFLOW,OECD.ELS.HD:DSD_HEALTH_LVNG@DF_HEALTH_LVNG_TC(1.0),Tobacco consumption,I,CRI,Costa Rica,A,Annual,SP_DS,Share of population who are daily smokers,Y15T24,From 15 to 24 years,_T,Total,PT_POP,Percentage of population,_Z,Not applicable,2014,,9.9,,A,Normal value,0,Units,,
DATAFLOW,OECD.ELS.HD:DSD_HEALTH_LVNG@DF_HEALTH_LVNG_TC(1.0),Tobacco consumption,I,CRI,Costa Rica,A,Annual,SP_DS,Share of population who are daily smokers,Y15T24,From 15 to 24 years,_T,Total,PT_POP,Percentage of population,_Z,Not applicable,2013,,10.7,,A,Normal value,0,Units,,
DATAFLOW,OECD.ELS.HD:DSD_HEALTH_LVNG@DF_HEALTH_LVNG_TC(1.0),Tobacco consumption,I,CRI,Costa Rica,A,Annual,SP_DS,Share of population who are daily smokers,Y15T24,From 15 to 24 years,_T,Total,PT_POP,Percentage of population,_Z,Not applicable,2012,,11.4,,A,Normal value,0,Units,,
DATAFLOW,OECD.ELS.HD:DSD_HEALTH_LVNG@DF_HEALTH_LVNG_TC(1.0),Tobacco consumption,I,CRI,Costa Rica,A,Annual,SP_DS,Share of population who are daily smokers,Y15T24,From 15 to 24 years,_T,Total,PT_POP,Percentage of population,_Z,Not applicable,2011,,12.2,,A,Normal value,0,Units,,
DATAFLOW,OECD.ELS.HD:DSD_HEALTH_LVNG@DF_HEALTH_LVNG_TC(1.0),Tobacco consumption,I,CAN,Canada,A,Annual,SP_DS,Share of population who are daily smokers,Y15T24,From 15 to 24 years,F,Female,PT_POP,Percentage of population,_Z,Not applicable,2007,,15.5,,A,Normal value,0,Units,,
DATAFLOW,OECD.ELS.HD:DSD_HEALTH_LVNG@DF_HEALTH_LVNG_TC(1.0),Tobacco consumption,I,CAN,Canada,A,Annual,SP_DS,Share of population who are daily smokers,Y15T24,From 15 to 24 years,F,Female,PT_POP,Percentage of population,_Z,Not applicable,2005,,14.2,,A,Normal value,0,Units,,
DATAFLOW,OECD.ELS.HD:DSD_HEALTH_LVNG@DF_HEALTH_LVNG_TC(1.0),Tobacco consumption,I,CAN,Canada,A,Annual,SP_DS,Share of population who are daily smokers,Y15T24,From 15 to 24 years,F,Female,PT_POP,Percentage of population,_Z,Not applicable,2003,,17.8,,A,Normal value,0,Units,,
DATAFLOW,OECD.ELS.HD:DSD_HEALTH_LVNG@DF_HEALTH_LVNG_TC(1.0),Tobacco consumption,I,CAN,Canada,A,Annual,SP_DS,Share of population who are daily smokers,Y15T24,From 15 to 24 years,F,Female,PT_POP,Percentage of population,_Z,Not applicable,2001,,21.5,,A,Normal value,0,Units,,
DATAFLOW,OECD.ELS.HD:DSD_HEALTH_LVNG@DF_HEALTH_LVNG_TC(1.0),Tobacco consumption,I,GRC,Greece,A,Annual,SP_DS,Share of population who are daily smokers,Y15T24,From 15 to 24 years,F,Female,PT_POP,Percentage of population,_Z,Not applicable,2014,,13.4,,A,Normal value,0,Units,,
DATAFLOW,OECD.ELS.HD:DSD_HEALTH_LVNG@DF_HEALTH_LVNG_TC(1.0),Tobacco consumption,I,GRC,Greece,A,Annual,SP_DS,Share of population who are daily smokers,Y15T24,From 15 to 24 years,F,Female,PT_POP,Percentage of population,_Z,Not applicable,2009,,23.2,,A,Normal value,0,Units,,
DATAFLOW,OECD.ELS.HD:DSD_HEALTH_LVNG@DF_HEALTH_LVNG_TC(1.0),Tobacco consumption,I,CAN,Canada,A,Annual,SP_DS,Share of population who are daily smokers,Y15T24,From 15 to 24 years,_T,Total,PT_POP,Percentage of population,_Z,Not applicable,2018,,6.3,,A,Normal value,0,Units,,
DATAFLOW,OECD.ELS.HD:DSD_HEALTH_LVNG@DF_HEALTH_LVNG_TC(1.0),Tobacco consumption,I,CAN,Canada,A,Annual,SP_DS,Share of population who are daily smokers,Y15T24,From 15 to 24 years,_T,Total,PT_POP,Percentage of population,_Z,Not applicable,2017,,7.4,,A,Normal value,0,Units,,
DATAFLOW,OECD.ELS.HD:DSD_HEALTH_LVNG@DF_HEALTH_LVNG_TC(1.0),Tobacco consumption,I,CAN,Canada,A,Annual,SP_DS,Share of population who are daily smokers,Y15T24,From 15 to 24 years,_T,Total,PT_POP,Percentage of population,_Z,Not applicable,2016,,7.6,,A,Normal value,0,Units,,
DATAFLOW,OECD.ELS.HD:DSD_HEALTH_LVNG@DF_HEALTH_LVNG_TC(1.0),Tobacco consumption,I,CAN,Canada,A,Annual,SP_DS,Share of population who are daily smokers,Y15T24,From 15 to 24 years,_T,Total,PT_POP,Percentage of population,_Z,Not applicable,2015,,8.6,,B,Time series break,0,Units,,
DATAFLOW,OECD.ELS.HD:DSD_HEALTH_LVNG@DF_HEALTH_LVNG_TC(1.0),Tobacco consumption,I,CAN,Canada,A,Annual,SP_DS,Share of population who are daily smokers,Y15T24,From 15 to 24 years,_T,Total,PT_POP,Percentage of population,_Z,Not applicable,2014,,9.9,,A,Normal value,0,Units,,
DATAFLOW,OECD.ELS.HD:DSD_HEALTH_LVNG@DF_HEALTH_LVNG_TC(1.0),Tobacco consumption,I,CAN,Canada,A,Annual,SP_DS,Share of population who are daily smokers,Y15T24,From 15 to 24 years,_T,Total,PT_POP,Percentage of population,_Z,Not applicable,2013,,11.9,,A,Normal value,0,Units,,
DATAFLOW,OECD.ELS.HD:DSD_HEALTH_LVNG@DF_HEALTH_LVNG_TC(1.0),Tobacco consumption,I,CAN,Canada,A,Annual,SP_DS,Share of population who are daily smokers,Y15T24,From 15 to 24 years,_T,Total,PT_POP,Percentage of population,_Z,Not applicable,2012,,12.7,,A,Normal value,0,Units,,
DATAFLOW,OECD.ELS.HD:DSD_HEALTH_LVNG@DF_HEALTH_LVNG_TC(1.0),Tobacco consumption,I,CAN,Canada,A,Annual,SP_DS,Share of population who are daily smokers,Y15T24,From 15 to 24 years,_T,Total,PT_POP,Percentage of population,_Z,Not applicable,2011,,12.1,,A,Normal value,0,Units,,
DATAFLOW,OECD.ELS.HD:DSD_HEALTH_LVNG@DF_HEALTH_LVNG_TC(1.0),Tobacco consumption,I,CAN,Canada,A,Annual,SP_DS,Share of population who are daily smokers,Y15T24,From 15 to 24 years,_T,Total,PT_POP,Percentage of population,_Z,Not applicable,2010,,13,,A,Normal value,0,Units,,
DATAFLOW,OECD.ELS.HD:DSD_HEALTH_LVNG@DF_HEALTH_LVNG_TC(1.0),Tobacco consumption,I,CAN,Canada,A,Annual,SP_DS,Share of population who are daily smokers,Y15T24,From 15 to 24 years,_T,Total,PT_POP,Percentage of population,_Z,Not applicable,2009,,14.4,,A,Normal value,0,Units,,
DATAFLOW,OECD.ELS.HD:DSD_HEALTH_LVNG@DF_HEALTH_LVNG_TC(1.0),Tobacco consumption,I,CAN,Canada,A,Annual,SP_DS,Share of population who are daily smokers,Y15T24,From 15 to 24 years,_T,Total,PT_POP,Percentage of population,_Z,Not applicable,2008,,15.7,,A,Normal value,0,Units,,
DATAFLOW,OECD.ELS.HD:DSD_HEALTH_LVNG@DF_HEALTH_LVNG_TC(1.0),Tobacco consumption,I,CAN,Canada,A,Annual,SP_DS,Share of population who are daily smokers,Y15T24,From 15 to 24 years,_T,Total,PT_POP,Percentage of population,_Z,Not applicable,2007,,16.5,,A,Normal value,0,Units,,
DATAFLOW,OECD.ELS.HD:DSD_HEALTH_LVNG@DF_HEALTH_LVNG_TC(1.0),Tobacco consumption,I,CAN,Canada,A,Annual,SP_DS,Share of population who are daily smokers,Y15T24,From 15 to 24 years,_T,Total,PT_POP,Percentage of population,_Z,Not applicable,2005,,15.3,,A,Normal value,0,Units,,
DATAFLOW,OECD.ELS.HD:DSD_HEALTH_LVNG@DF_HEALTH_LVNG_TC(1.0),Tobacco consumption,I,CAN,Canada,A,Annual,SP_DS,Share of population who are daily smokers,Y15T24,From 15 to 24 years,_T,Total,PT_POP,Percentage of population,_Z,Not applicable,2003,,18.6,,A,Normal value,0,Units,,
DATAFLOW,OECD.ELS.HD:DSD_HEALTH_LVNG@DF_HEALTH_LVNG_TC(1.0),Tobacco consumption,I,CAN,Canada,A,Annual,SP_DS,Share of population who are daily smokers,Y15T24,From 15 to 24 years,_T,Total,PT_POP,Percentage of population,_Z,Not applicable,2001,,22.6,,A,Normal value,0,Units,,
DATAFLOW,OECD.ELS.HD:DSD_HEALTH_LVNG@DF_HEALTH_LVNG_TC(1.0),Tobacco consumption,I,CRI,Costa Rica,A,Annual,SP_DS,Share of population who are daily smokers,Y15T24,From 15 to 24 years,F,Female,PT_POP,Percentage of population,_Z,Not applicable,2018,,2.6,,E,Estimated value,0,Units,,
DATAFLOW,OECD.ELS.HD:DSD_HEALTH_LVNG@DF_HEALTH_LVNG_TC(1.0),Tobacco consumption,I,CRI,Costa Rica,A,Annual,SP_DS,Share of population who are daily smokers,Y15T24,From 15 to 24 years,F,Female,PT_POP,Percentage of population,_Z,Not applicable,2017,,3.4,,E,Estimated value,0,Units,,
DATAFLOW,OECD.ELS.HD:DSD_HEALTH_LVNG@DF_HEALTH_LVNG_TC(1.0),Tobacco consumption,I,CRI,Costa Rica,A,Annual,SP_DS,Share of population who are daily smokers,Y15T24,From 15 to 24 years,F,Female,PT_POP,Percentage of population,_Z,Not applicable,2016,,4.1,,E,Estimated value,0,Units,,
DATAFLOW,OECD.ELS.HD:DSD_HEALTH_LVNG@DF_HEALTH_LVNG_TC(1.0),Tobacco consumption,I,CRI,Costa Rica,A,Annual,SP_DS,Share of population who are daily smokers,Y15T24,From 15 to 24 years,F,Female,PT_POP,Percentage of population,_Z,Not applicable,2015,,4.6,,A,Normal value,0,Units,,
DATAFLOW,OECD.ELS.HD:DSD_HEALTH_LVNG@DF_HEALTH_LVNG_TC(1.0),Tobacco consumption,I,CRI,Costa Rica,A,Annual,SP_DS,Share of population who are daily smokers,Y15T24,From 15 to 24 years,F,Female,PT_POP,Percentage of population,_Z,Not applicable,2014,,5.6,,A,Normal value,0,Units,,
DATAFLOW,OECD.ELS.HD:DSD_HEALTH_LVNG@DF_HEALTH_LVNG_TC(1.0),Tobacco consumption,I,CRI,Costa Rica,A,Annual,SP_DS,Share of population who are daily smokers,Y15T24,From 15 to 24 years,F,Female,PT_POP,Percentage of population,_Z,Not applicable,2013,,6.6,,A,Normal value,0,Units,,
DATAFLOW,OECD.ELS.HD:DSD_HEALTH_LVNG@DF_HEALTH_LVNG_TC(1.0),Tobacco consumption,I,CRI,Costa Rica,A,Annual,SP_DS,Share of population who are daily smokers,Y15T24,From 15 to 24 years,F,Female,PT_POP,Percentage of population,_Z,Not applicable,2012,,7.7,,A,Normal value,0,Units,,
DATAFLOW,OECD.ELS.HD:DSD_HEALTH_LVNG@DF_HEALTH_LVNG_TC(1.0),Tobacco consumption,I,CRI,Costa Rica,A,Annual,SP_DS,Share of population who are daily smokers,Y15T24,From 15 to 24 years,F,Female,PT_POP,Percentage of population,_Z,Not applicable,2011,,8.7,,A,Normal value,0,Units,,
DATAFLOW,OECD.ELS.HD:DSD_HEALTH_LVNG@DF_HEALTH_LVNG_TC(1.0),Tobacco consumption,I,CRI,Costa Rica,A,Annual,SP_DS,Share of population who are daily smokers,Y15T24,From 15 to 24 years,F,Female,PT_POP,Percentage of population,_Z,Not applicable,2010,,9.7,,A,Normal value,0,Units,,
DATAFLOW,OECD.ELS.HD:DSD_HEALTH_LVNG@DF_HEALTH_LVNG_TC(1.0),Tobacco consumption,I,CRI,Costa Rica,A,Annual,SP_DS,Share of population who are daily smokers,Y15T24,From 15 to 24 years,F,Female,PT_POP,Percentage of population,_Z,Not applicable,2009,,10.1,,A,Normal value,0,Units,,
DATAFLOW,OECD.ELS.HD:DSD_HEALTH_LVNG@DF_HEALTH_LVNG_TC(1.0),Tobacco consumption,I,CRI,Costa Rica,A,Annual,SP_DS,Share of population who are daily smokers,Y15T24,From 15 to 24 years,F,Female,PT_POP,Percentage of population,_Z,Not applicable,2008,,10.5,,A,Normal value,0,Units,,
DATAFLOW,OECD.ELS.HD:DSD_HEALTH_LVNG@DF_HEALTH_LVNG_TC(1.0),Tobacco consumption,I,CRI,Costa Rica,A,Annual,SP_DS,Share of population who are daily smokers,Y15T24,From 15 to 24 years,F,Female,PT_POP,Percentage of population,_Z,Not applicable,2007,,11,,A,Normal value,0,Units,,
DATAFLOW,OECD.ELS.HD:DSD_HEALTH_LVNG@DF_HEALTH_LVNG_TC(1.0),Tobacco consumption,I,CRI,Costa Rica,A,Annual,SP_DS,Share of population who are daily smokers,Y15T24,From 15 to 24 years,F,Female,PT_POP,Percentage of population,_Z,Not applicable,2006,,11.4,,A,Normal value,0,Units,,
DATAFLOW,OECD.ELS.HD:DSD_HEALTH_LVNG@DF_HEALTH_LVNG_TC(1.0),Tobacco consumption,I,CRI,Costa Rica,A,Annual,SP_DS,Share of population who are daily smokers,Y15T24,From 15 to 24 years,F,Female,PT_POP,Percentage of population,_Z,Not applicable,2000,,5.4,,A,Normal value,0,Units,,
DATAFLOW,OECD.ELS.HD:DSD_HEALTH_LVNG@DF_HEALTH_LVNG_TC(1.0),Tobacco consumption,I,CRI,Costa Rica,A,Annual,SP_DS,Share of population who are daily smokers,Y15T24,From 15 to 24 years,F,Female,PT_POP,Percentage of population,_Z,Not applicable,1999,,4.7,,E,Estimated value,0,Units,,
DATAFLOW,OECD.ELS.HD:DSD_HEALTH_LVNG@DF_HEALTH_LVNG_TC(1.0),Tobacco consumption,I,CRI,Costa Rica,A,Annual,SP_DS,Share of population who are daily smokers,Y15T24,From 15 to 24 years,F,Female,PT_POP,Percentage of population,_Z,Not applicable,1998,,4,,E,Estimated value,0,Units,,
DATAFLOW,OECD.ELS.HD:DSD_HEALTH_LVNG@DF_HEALTH_LVNG_TC(1.0),Tobacco consumption,I,CRI,Costa Rica,A,Annual,SP_DS,Share of population who are daily smokers,Y15T24,From 15 to 24 years,M,Male,PT_POP,Percentage of population,_Z,Not applicable,2018,,10.2,,E,Estimated value,0,Units,,
DATAFLOW,OECD.ELS.HD:DSD_HEALTH_LVNG@DF_HEALTH_LVNG_TC(1.0),Tobacco consumption,I,CRI,Costa Rica,A,Annual,SP_DS,Share of population who are daily smokers,Y15T24,From 15 to 24 years,M,Male,PT_POP,Percentage of population,_Z,Not applicable,2017,,11,,E,Estimated value,0,Units,,
DATAFLOW,OECD.ELS.HD:DSD_HEALTH_LVNG@DF_HEALTH_LVNG_TC(1.0),Tobacco consumption,I,CRI,Costa Rica,A,Annual,SP_DS,Share of population who are daily smokers,Y15T24,From 15 to 24 years,M,Male,PT_POP,Percentage of population,_Z,Not applicable,2016,,11.9,,E,Estimated value,0,Units,,
DATAFLOW,OECD.ELS.HD:DSD_HEALTH_LVNG@DF_HEALTH_LVNG_TC(1.0),Tobacco consumption,I,CRI,Costa Rica,A,Annual,SP_DS,Share of population who are daily smokers,Y15T24,From 15 to 24 years,M,Male,PT_POP,Percentage of population,_Z,Not applicable,2015,,13.4,,A,Normal value,0,Units,,
DATAFLOW,OECD.ELS.HD:DSD_HEALTH_LVNG@DF_HEALTH_LVNG_TC(1.0),Tobacco consumption,I,CRI,Costa Rica,A,Annual,SP_DS,Share of population who are daily smokers,Y15T24,From 15 to 24 years,M,Male,PT_POP,Percentage of population,_Z,Not applicable,2014,,13.9,,A,Normal value,0,Units,,
DATAFLOW,OECD.ELS.HD:DSD_HEALTH_LVNG@DF_HEALTH_LVNG_TC(1.0),Tobacco consumption,I,GRC,Greece,A,Annual,SP_DS,Share of population who are daily smokers,Y15T24,From 15 to 24 years,M,Male,PT_POP,Percentage of population,_Z,Not applicable,2014,,23.7,,A,Normal value,0,Units,,
DATAFLOW,OECD.ELS.HD:DSD_HEALTH_LVNG@DF_HEALTH_LVNG_TC(1.0),Tobacco consumption,I,GRC,Greece,A,Annual,SP_DS,Share of population who are daily smokers,Y15T24,From 15 to 24 years,M,Male,PT_POP,Percentage of population,_Z,Not applicable,2009,,26.7,,A,Normal value,0,Units,,
DATAFLOW,OECD.ELS.HD:DSD_HEALTH_LVNG@DF_HEALTH_LVNG_TC(1.0),Tobacco consumption,I,CAN,Canada,A,Annual,SP_DS,Share of population who are daily smokers,Y15T24,From 15 to 24 years,M,Male,PT_POP,Percentage of population,_Z,Not applicable,2018,,7.1,,A,Normal value,0,Units,,
DATAFLOW,OECD.ELS.HD:DSD_HEALTH_LVNG@DF_HEALTH_LVNG_TC(1.0),Tobacco consumption,I,CAN,Canada,A,Annual,SP_DS,Share of population who are daily smokers,Y15T24,From 15 to 24 years,M,Male,PT_POP,Percentage of population,_Z,Not applicable,2017,,9.1,,A,Normal value,0,Units,,
DATAFLOW,OECD.ELS.HD:DSD_HEALTH_LVNG@DF_HEALTH_LVNG_TC(1.0),Tobacco consumption,I,CAN,Canada,A,Annual,SP_DS,Share of population who are daily smokers,Y15T24,From 15 to 24 years,M,Male,PT_POP,Percentage of population,_Z,Not applicable,2016,,8.4,,A,Normal value,0,Units,,
DATAFLOW,OECD.ELS.HD:DSD_HEALTH_LVNG@DF_HEALTH_LVNG_TC(1.0),Tobacco consumption,I,CAN,Canada,A,Annual,SP_DS,Share of population who are daily smokers,Y15T24,From 15 to 24 years,M,Male,PT_POP,Percentage of population,_Z,Not applicable,2015,,10.1,,B,Time series break,0,Units,,
DATAFLOW,OECD.ELS.HD:DSD_HEALTH_LVNG@DF_HEALTH_LVNG_TC(1.0),Tobacco consumption,I,CAN,Canada,A,Annual,SP_DS,Share of population who are daily smokers,Y15T24,From 15 to 24 years,M,Male,PT_POP,Percentage of population,_Z,Not applicable,2014,,11,,A,Normal value,0,Units,,
DATAFLOW,OECD.ELS.HD:DSD_HEALTH_LVNG@DF_HEALTH_LVNG_TC(1.0),Tobacco consumption,I,CAN,Canada,A,Annual,SP_DS,Share of population who are daily smokers,Y15T24,From 15 to 24 years,M,Male,PT_POP,Percentage of population,_Z,Not applicable,2013,,14.6,,A,Normal value,0,Units,,
DATAFLOW,OECD.ELS.HD:DSD_HEALTH_LVNG@DF_HEALTH_LVNG_TC(1.0),Tobacco consumption,I,CAN,Canada,A,Annual,SP_DS,Share of population who are daily smokers,Y15T24,From 15 to 24 years,M,Male,PT_POP,Percentage of population,_Z,Not applicable,2012,,14.5,,A,Normal value,0,Units,,
DATAFLOW,OECD.ELS.HD:DSD_HEALTH_LVNG@DF_HEALTH_LVNG_TC(1.0),Tobacco consumption,I,CAN,Canada,A,Annual,SP_DS,Share of population who are daily smokers,Y15T24,From 15 to 24 years,M,Male,PT_POP,Percentage of population,_Z,Not applicable,2011,,12.8,,A,Normal value,0,Units,,
DATAFLOW,OECD.ELS.HD:DSD_HEALTH_LVNG@DF_HEALTH_LVNG_TC(1.0),Tobacco consumption,I,CAN,Canada,A,Annual,SP_DS,Share of population who are daily smokers,Y15T24,From 15 to 24 years,M,Male,PT_POP,Percentage of population,_Z,Not applicable,2010,,15.1,,A,Normal value,0,Units,,
DATAFLOW,OECD.ELS.HD:DSD_HEALTH_LVNG@DF_HEALTH_LVNG_TC(1.0),Tobacco consumption,I,CAN,Canada,A,Annual,SP_DS,Share of population who are daily smokers,Y15T24,From 15 to 24 years,M,Male,PT_POP,Percentage of population,_Z,Not applicable,2009,,16.3,,A,Normal value,0,Units,,
DATAFLOW,OECD.ELS.HD:DSD_HEALTH_LVNG@DF_HEALTH_LVNG_TC(1.0),Tobacco consumption,I,CAN,Canada,A,Annual,SP_DS,Share of population who are daily smokers,Y15T24,From 15 to 24 years,M,Male,PT_POP,Percentage of population,_Z,Not applicable,2008,,17.5,,A,Normal value,0,Units,,
DATAFLOW,OECD.ELS.HD:DSD_HEALTH_LVNG@DF_HEALTH_LVNG_TC(1.0),Tobacco consumption,I,CAN,Canada,A,Annual,SP_DS,Share of population who are daily smokers,Y15T24,From 15 to 24 years,M,Male,PT_POP,Percentage of population,_Z,Not applicable,2007,,17.4,,A,Normal value,0,Units,,
DATAFLOW,OECD.ELS.HD:DSD_HEALTH_LVNG@DF_HEALTH_LVNG_TC(1.0),Tobacco consumption,I,CAN,Canada,A,Annual,SP_DS,Share of population who are daily smokers,Y15T24,From 15 to 24 years,M,Male,PT_POP,Percentage of population,_Z,Not applicable,2005,,16.4,,A,Normal value,0,Units,,
DATAFLOW,OECD.ELS.HD:DSD_HEALTH_LVNG@DF_HEALTH_LVNG_TC(1.0),Tobacco consumption,I,CAN,Canada,A,Annual,SP_DS,Share of population who are daily smokers,Y15T24,From 15 to 24 years,M,Male,PT_POP,Percentage of population,_Z,Not applicable,2003,,19.3,,A,Normal value,0,Units,,
DATAFLOW,OECD.ELS.HD:DSD_HEALTH_LVNG@DF_HEALTH_LVNG_TC(1.0),Tobacco consumption,I,CAN,Canada,A,Annual,SP_DS,Share of population who are daily smokers,Y15T24,From 15 to 24 years,M,Male,PT_POP,Percentage of population,_Z,Not applicable,2001,,23.5,,A,Normal value,0,Units,,
DATAFLOW,OECD.ELS.HD:DSD_HEALTH_LVNG@DF_HEALTH_LVNG_TC(1.0),Tobacco consumption,I,GRC,Greece,A,Annual,SP_DS,Share of population who are daily smokers,Y15T24,From 15 to 24 years,_T,Total,PT_POP,Percentage of population,_Z,Not applicable,2014,,18.5,,A,Normal value,0,Units,,
DATAFLOW,OECD.ELS.HD:DSD_HEALTH_LVNG@DF_HEALTH_LVNG_TC(1.0),Tobacco consumption,I,GRC,Greece,A,Annual,SP_DS,Share of population who are daily smokers,Y15T24,From 15 to 24 years,_T,Total,PT_POP,Percentage of population,_Z,Not applicable,2009,,24.9,,A,Normal value,0,Units,,
DATAFLOW,OECD.ELS.HD:DSD_HEALTH_LVNG@DF_HEALTH_LVNG_TC(1.0),Tobacco consumption,I,CAN,Canada,A,Annual,SP_DS,Share of population who are daily smokers,Y15T24,From 15 to 24 years,F,Female,PT_POP,Percentage of population,_Z,Not applicable,2018,,5.6,,A,Normal value,0,Units,,
DATAFLOW,OECD.ELS.HD:DSD_HEALTH_LVNG@DF_HEALTH_LVNG_TC(1.0),Tobacco consumption,I,CAN,Canada,A,Annual,SP_DS,Share of population who are daily smokers,Y15T24,From 15 to 24 years,F,Female,PT_POP,Percentage of population,_Z,Not applicable,2017,,5.6,,A,Normal value,0,Units,,
DATAFLOW,OECD.ELS.HD:DSD_HEALTH_LVNG@DF_HEALTH_LVNG_TC(1.0),Tobacco consumption,I,CAN,Canada,A,Annual,SP_DS,Share of population who are daily smokers,Y15T24,From 15 to 24 years,F,Female,PT_POP,Percentage of population,_Z,Not applicable,2016,,6.8,,A,Normal value,0,Units,,
DATAFLOW,OECD.ELS.HD:DSD_HEALTH_LVNG@DF_HEALTH_LVNG_TC(1.0),Tobacco consumption,I,CAN,Canada,A,Annual,SP_DS,Share of population who are daily smokers,Y15T24,From 15 to 24 years,F,Female,PT_POP,Percentage of population,_Z,Not applicable,2015,,6.9,,B,Time series break,0,Units,,
DATAFLOW,OECD.ELS.HD:DSD_HEALTH_LVNG@DF_HEALTH_LVNG_TC(1.0),Tobacco consumption,I,CAN,Canada,A,Annual,SP_DS,Share of population who are daily smokers,Y15T24,From 15 to 24 years,F,Female,PT_POP,Percentage of population,_Z,Not applicable,2014,,8.7,,A,Normal value,0,Units,,
DATAFLOW,OECD.ELS.HD:DSD_HEALTH_LVNG@DF_HEALTH_LVNG_TC(1.0),Tobacco consumption,I,CAN,Canada,A,Annual,SP_DS,Share of population who are daily smokers,Y15T24,From 15 to 24 years,F,Female,PT_POP,Percentage of population,_Z,Not applicable,2013,,9,,A,Normal value,0,Units,,
DATAFLOW,OECD.ELS.HD:DSD_HEALTH_LVNG@DF_HEALTH_LVNG_TC(1.0),Tobacco consumption,I,CAN,Canada,A,Annual,SP_DS,Share of population who are daily smokers,Y15T24,From 15 to 24 years,F,Female,PT_POP,Percentage of population,_Z,Not applicable,2012,,10.8,,A,Normal value,0,Units,,
DATAFLOW,OECD.ELS.HD:DSD_HEALTH_LVNG@DF_HEALTH_LVNG_TC(1.0),Tobacco consumption,I,CAN,Canada,A,Annual,SP_DS,Share of population who are daily smokers,Y15T24,From 15 to 24 years,F,Female,PT_POP,Percentage of population,_Z,Not applicable,2011,,11.4,,A,Normal value,0,Units,,
DATAFLOW,OECD.ELS.HD:DSD_HEALTH_LVNG@DF_HEALTH_LVNG_TC(1.0),Tobacco consumption,I,CAN,Canada,A,Annual,SP_DS,Share of population who are daily smokers,Y15T24,From 15 to 24 years,F,Female,PT_POP,Percentage of population,_Z,Not applicable,2010,,10.7,,A,Normal value,0,Units,,
DATAFLOW,OECD.ELS.HD:DSD_HEALTH_LVNG@DF_HEALTH_LVNG_TC(1.0),Tobacco consumption,I,JPN,Japan,A,Annual,SP_DS,Share of population who are daily smokers,Y_GE15,15 years or over,F,Female,PT_POP,Percentage of population,_Z,Not applicable,2012,,9,,A,Normal value,0,Units,,
DATAFLOW,OECD.ELS.HD:DSD_HEALTH_LVNG@DF_HEALTH_LVNG_TC(1.0),Tobacco consumption,I,CRI,Costa Rica,A,Annual,SP_DS,Share of population who are daily smokers,Y_GE15,15 years or over,F,Female,PT_POP,Percentage of population,_Z,Not applicable,2010,,9.3,,A,Normal value,0,Units,,
DATAFLOW,OECD.ELS.HD:DSD_HEALTH_LVNG@DF_HEALTH_LVNG_TC(1.0),Tobacco consumption,I,CRI,Costa Rica,A,Annual,SP_DS,Share of population who are daily smokers,Y_GE15,15 years or over,F,Female,PT_POP,Percentage of population,_Z,Not applicable,2009,,9.1,,A,Normal value,0,Units,,
DATAFLOW,OECD.ELS.HD:DSD_HEALTH_LVNG@DF_HEALTH_LVNG_TC(1.0),Tobacco consumption,I,CRI,Costa Rica,A,Annual,SP_DS,Share of population who are daily smokers,Y_GE15,15 years or over,F,Female,PT_POP,Percentage of population,_Z,Not applicable,2008,,8.9,,A,Normal value,0,Units,,
DATAFLOW,OECD.ELS.HD:DSD_HEALTH_LVNG@DF_HEALTH_LVNG_TC(1.0),Tobacco consumption,I,CRI,Costa Rica,A,Annual,SP_DS,Share of population who are daily smokers,Y_GE15,15 years or over,F,Female,PT_POP,Percentage of population,_Z,Not applicable,2007,,8.7,,A,Normal value,0,Units,,
DATAFLOW,OECD.ELS.HD:DSD_HEALTH_LVNG@DF_HEALTH_LVNG_TC(1.0),Tobacco consumption,I,CRI,Costa Rica,A,Annual,SP_DS,Share of population who are daily smokers,Y_GE15,15 years or over,F,Female,PT_POP,Percentage of population,_Z,Not applicable,2006,,8.6,,A,Normal value,0,Units,,
DATAFLOW,OECD.ELS.HD:DSD_HEALTH_LVNG@DF_HEALTH_LVNG_TC(1.0),Tobacco consumption,I,CRI,Costa Rica,A,Annual,SP_DS,Share of population who are daily smokers,Y_GE15,15 years or over,F,Female,PT_POP,Percentage of population,_Z,Not applicable,2000,,6.1,,A,Normal value,0,Units,,
DATAFLOW,OECD.ELS.HD:DSD_HEALTH_LVNG@DF_HEALTH_LVNG_TC(1.0),Tobacco consumption,I,CRI,Costa Rica,A,Annual,SP_DS,Share of population who are daily smokers,Y_GE15,15 years or over,F,Female,PT_POP,Percentage of population,_Z,Not applicable,1999,,6,,E,Estimated value,0,Units,,
DATAFLOW,OECD.ELS.HD:DSD_HEALTH_LVNG@DF_HEALTH_LVNG_TC(1.0),Tobacco consumption,I,CRI,Costa Rica,A,Annual,SP_DS,Share of population who are daily smokers,Y_GE15,15 years or over,F,Female,PT_POP,Percentage of population,_Z,Not applicable,1998,,5.8,,E,Estimated value,0,Units,,
DATAFLOW,OECD.ELS.HD:DSD_HEALTH_LVNG@DF_HEALTH_LVNG_TC(1.0),Tobacco consumption,I,CRI,Costa Rica,A,Annual,SP_DS,Share of population who are daily smokers,Y_GE15,15 years or over,M,Male,PT_POP,Percentage of population,_Z,Not applicable,2013,,17.4,,A,Normal value,0,Units,,
DATAFLOW,OECD.ELS.HD:DSD_HEALTH_LVNG@DF_HEALTH_LVNG_TC(1.0),Tobacco consumption,I,CRI,Costa Rica,A,Annual,SP_DS,Share of population who are daily smokers,Y_GE15,15 years or over,M,Male,PT_POP,Percentage of population,_Z,Not applicable,2012,,18.1,,A,Normal value,0,Units,,
DATAFLOW,OECD.ELS.HD:DSD_HEALTH_LVNG@DF_HEALTH_LVNG_TC(1.0),Tobacco consumption,I,CRI,Costa Rica,A,Annual,SP_DS,Share of population who are daily smokers,Y_GE15,15 years or over,M,Male,PT_POP,Percentage of population,_Z,Not applicable,2011,,18.7,,A,Normal value,0,Units,,
DATAFLOW,OECD.ELS.HD:DSD_HEALTH_LVNG@DF_HEALTH_LVNG_TC(1.0),Tobacco consumption,I,CRI,Costa Rica,A,Annual,SP_DS,Share of population who are daily smokers,Y_GE15,15 years or over,M,Male,PT_POP,Percentage of population,_Z,Not applicable,2010,,19.4,,A,Normal value,0,Units,,
DATAFLOW,OECD.ELS.HD:DSD_HEALTH_LVNG@DF_HEALTH_LVNG_TC(1.0),Tobacco consumption,I,CRI,Costa Rica,A,Annual,SP_DS,Share of population who are daily smokers,Y_GE15,15 years or over,M,Male,PT_POP,Percentage of population,_Z,Not applicable,2009,,20.3,,A,Normal value,0,Units,,
DATAFLOW,OECD.ELS.HD:DSD_HEALTH_LVNG@DF_HEALTH_LVNG_TC(1.0),Tobacco consumption,I,CRI,Costa Rica,A,Annual,SP_DS,Share of population who are daily smokers,Y_GE15,15 years or over,M,Male,PT_POP,Percentage of population,_Z,Not applicable,2008,,21.2,,A,Normal value,0,Units,,
DATAFLOW,OECD.ELS.HD:DSD_HEALTH_LVNG@DF_HEALTH_LVNG_TC(1.0),Tobacco consumption,I,CRI,Costa Rica,A,Annual,SP_DS,Share of population who are daily smokers,Y_GE15,15 years or over,M,Male,PT_POP,Percentage of population,_Z,Not applicable,2007,,22.1,,A,Normal value,0,Units,,
DATAFLOW,OECD.ELS.HD:DSD_HEALTH_LVNG@DF_HEALTH_LVNG_TC(1.0),Tobacco consumption,I,CRI,Costa Rica,A,Annual,SP_DS,Share of population who are daily smokers,Y_GE15,15 years or over,M,Male,PT_POP,Percentage of population,_Z,Not applicable,2006,,23,,A,Normal value,0,Units,,
DATAFLOW,OECD.ELS.HD:DSD_HEALTH_LVNG@DF_HEALTH_LVNG_TC(1.0),Tobacco consumption,I,CRI,Costa Rica,A,Annual,SP_DS,Share of population who are daily smokers,Y_GE15,15 years or over,M,Male,PT_POP,Percentage of population,_Z,Not applicable,2000,,18.7,,A,Normal value,0,Units,,
DATAFLOW,OECD.ELS.HD:DSD_HEALTH_LVNG@DF_HEALTH_LVNG_TC(1.0),Tobacco consumption,I,CRI,Costa Rica,A,Annual,SP_DS,Share of population who are daily smokers,Y_GE15,15 years or over,M,Male,PT_POP,Percentage of population,_Z,Not applicable,1999,,19.8,,E,Estimated value,0,Units,,
DATAFLOW,OECD.ELS.HD:DSD_HEALTH_LVNG@DF_HEALTH_LVNG_TC(1.0),Tobacco consumption,I,CRI,Costa Rica,A,Annual,SP_DS,Share of population who are daily smokers,Y_GE15,15 years or over,M,Male,PT_POP,Percentage of population,_Z,Not applicable,1998,,20.9,,E,Estimated value,0,Units,,
DATAFLOW,OECD.ELS.HD:DSD_HEALTH_LVNG@DF_HEALTH_LVNG_TC(1.0),Tobacco consumption,I,CRI,Costa Rica,A,Annual,SP_DS,Share of population who are daily smokers,Y_GE15,15 years or over,F,Female,PT_POP,Percentage of population,_Z,Not applicable,2018,,5.3,,E,Estimated value,0,Units,,
DATAFLOW,OECD.ELS.HD:DSD_HEALTH_LVNG@DF_HEALTH_LVNG_TC(1.0),Tobacco consumption,I,CRI,Costa Rica,A,Annual,SP_DS,Share of population who are daily smokers,Y_GE15,15 years or over,F,Female,PT_POP,Percentage of population,_Z,Not applicable,2017,,5.6,,E,Estimated value,0,Units,,
DATAFLOW,OECD.ELS.HD:DSD_HEALTH_LVNG@DF_HEALTH_LVNG_TC(1.0),Tobacco consumption,I,CRI,Costa Rica,A,Annual,SP_DS,Share of population who are daily smokers,Y_GE15,15 years or over,F,Female,PT_POP,Percentage of population,_Z,Not applicable,2016,,5.9,,E,Estimated value,0,Units,,
DATAFLOW,OECD.ELS.HD:DSD_HEALTH_LVNG@DF_HEALTH_LVNG_TC(1.0),Tobacco consumption,I,CRI,Costa Rica,A,Annual,SP_DS,Share of population who are daily smokers,Y_GE15,15 years or over,F,Female,PT_POP,Percentage of population,_Z,Not applicable,2015,,5.8,,A,Normal value,0,Units,,
DATAFLOW,OECD.ELS.HD:DSD_HEALTH_LVNG@DF_HEALTH_LVNG_TC(1.0),Tobacco consumption,I,CRI,Costa Rica,A,Annual,SP_DS,Share of population who are daily smokers,Y_GE15,15 years or over,F,Female,PT_POP,Percentage of population,_Z,Not applicable,2014,,5.8,,A,Normal value,0,Units,,
DATAFLOW,OECD.ELS.HD:DSD_HEALTH_LVNG@DF_HEALTH_LVNG_TC(1.0),Tobacco consumption,I,CRI,Costa Rica,A,Annual,SP_DS,Share of population who are daily smokers,Y_GE15,15 years or over,F,Female,PT_POP,Percentage of population,_Z,Not applicable,2013,,6.6,,A,Normal value,0,Units,,
DATAFLOW,OECD.ELS.HD:DSD_HEALTH_LVNG@DF_HEALTH_LVNG_TC(1.0),Tobacco consumption,I,CRI,Costa Rica,A,Annual,SP_DS,Share of population who are daily smokers,Y_GE15,15 years or over,F,Female,PT_POP,Percentage of population,_Z,Not applicable,2012,,7.5,,A,Normal value,0,Units,,
DATAFLOW,OECD.ELS.HD:DSD_HEALTH_LVNG@DF_HEALTH_LVNG_TC(1.0),Tobacco consumption,I,CRI,Costa Rica,A,Annual,SP_DS,Share of population who are daily smokers,Y_GE15,15 years or over,F,Female,PT_POP,Percentage of population,_Z,Not applicable,2011,,8.4,,A,Normal value,0,Units,,
DATAFLOW,OECD.ELS.HD:DSD_HEALTH_LVNG@DF_HEALTH_LVNG_TC(1.0),Tobacco consumption,I,JPN,Japan,A,Annual,SP_DS,Share of population who are daily smokers,Y_GE15,15 years or over,M,Male,PT_POP,Percentage of population,_Z,Not applicable,2018,,29,,A,Normal value,0,Units,,
DATAFLOW,OECD.ELS.HD:DSD_HEALTH_LVNG@DF_HEALTH_LVNG_TC(1.0),Tobacco consumption,I,JPN,Japan,A,Annual,SP_DS,Share of population who are daily smokers,Y_GE15,15 years or over,M,Male,PT_POP,Percentage of population,_Z,Not applicable,2017,,29.4,,A,Normal value,0,Units,,
DATAFLOW,OECD.ELS.HD:DSD_HEALTH_LVNG@DF_HEALTH_LVNG_TC(1.0),Tobacco consumption,I,JPN,Japan,A,Annual,SP_DS,Share of population who are daily smokers,Y_GE15,15 years or over,M,Male,PT_POP,Percentage of population,_Z,Not applicable,2016,,30.2,,A,Normal value,0,Units,,
DATAFLOW,OECD.ELS.HD:DSD_HEALTH_LVNG@DF_HEALTH_LVNG_TC(1.0),Tobacco consumption,I,JPN,Japan,A,Annual,SP_DS,Share of population who are daily smokers,Y_GE15,15 years or over,M,Male,PT_POP,Percentage of population,_Z,Not applicable,2015,,30.1,,A,Normal value,0,Units,,
DATAFLOW,OECD.ELS.HD:DSD_HEALTH_LVNG@DF_HEALTH_LVNG_TC(1.0),Tobacco consumption,I,JPN,Japan,A,Annual,SP_DS,Share of population who are daily smokers,Y_GE15,15 years or over,M,Male,PT_POP,Percentage of population,_Z,Not applicable,2014,,32.2,,A,Normal value,0,Units,,
DATAFLOW,OECD.ELS.HD:DSD_HEALTH_LVNG@DF_HEALTH_LVNG_TC(1.0),Tobacco consumption,I,JPN,Japan,A,Annual,SP_DS,Share of population who are daily smokers,Y_GE15,15 years or over,M,Male,PT_POP,Percentage of population,_Z,Not applicable,2013,,32.2,,A,Normal value,0,Units,,
DATAFLOW,OECD.ELS.HD:DSD_HEALTH_LVNG@DF_HEALTH_LVNG_TC(1.0),Tobacco consumption,I,JPN,Japan,A,Annual,SP_DS,Share of population who are daily smokers,Y_GE15,15 years or over,M,Male,PT_POP,Percentage of population,_Z,Not applicable,2012,,34.1,,A,Normal value,0,Units,,
DATAFLOW,OECD.ELS.HD:DSD_HEALTH_LVNG@DF_HEALTH_LVNG_TC(1.0),Tobacco consumption,I,JPN,Japan,A,Annual,SP_DS,Share of population who are daily smokers,Y_GE15,15 years or over,M,Male,PT_POP,Percentage of population,_Z,Not applicable,2011,,32.4,,A,Normal value,0,Units,,
DATAFLOW,OECD.ELS.HD:DSD_HEALTH_LVNG@DF_HEALTH_LVNG_TC(1.0),Tobacco consumption,I,JPN,Japan,A,Annual,SP_DS,Share of population who are daily smokers,Y_GE15,15 years or over,M,Male,PT_POP,Percentage of population,_Z,Not applicable,2010,,32.2,,A,Normal value,0,Units,,
DATAFLOW,OECD.ELS.HD:DSD_HEALTH_LVNG@DF_HEALTH_LVNG_TC(1.0),Tobacco consumption,I,JPN,Japan,A,Annual,SP_DS,Share of population who are daily smokers,Y_GE15,15 years or over,M,Male,PT_POP,Percentage of population,_Z,Not applicable,2009,,38.2,,A,Normal value,0,Units,,
DATAFLOW,OECD.ELS.HD:DSD_HEALTH_LVNG@DF_HEALTH_LVNG_TC(1.0),Tobacco consumption,I,JPN,Japan,A,Annual,SP_DS,Share of population who are daily smokers,Y_GE15,15 years or over,M,Male,PT_POP,Percentage of population,_Z,Not applicable,2008,,36.8,,A,Normal value,0,Units,,
DATAFLOW,OECD.ELS.HD:DSD_HEALTH_LVNG@DF_HEALTH_LVNG_TC(1.0),Tobacco consumption,I,JPN,Japan,A,Annual,SP_DS,Share of population who are daily smokers,Y_GE15,15 years or over,M,Male,PT_POP,Percentage of population,_Z,Not applicable,2007,,39.4,,A,Normal value,0,Units,,
DATAFLOW,OECD.ELS.HD:DSD_HEALTH_LVNG@DF_HEALTH_LVNG_TC(1.0),Tobacco consumption,I,JPN,Japan,A,Annual,SP_DS,Share of population who are daily smokers,Y_GE15,15 years or over,M,Male,PT_POP,Percentage of population,_Z,Not applicable,2006,,39.9,,A,Normal value,0,Units,,
DATAFLOW,OECD.ELS.HD:DSD_HEALTH_LVNG@DF_HEALTH_LVNG_TC(1.0),Tobacco consumption,I,JPN,Japan,A,Annual,SP_DS,Share of population who are daily smokers,Y_GE15,15 years or over,M,Male,PT_POP,Percentage of population,_Z,Not applicable,2005,,39.3,,A,Normal value,0,Units,,
DATAFLOW,OECD.ELS.HD:DSD_HEALTH_LVNG@DF_HEALTH_LVNG_TC(1.0),Tobacco consumption,I,JPN,Japan,A,Annual,SP_DS,Share of population who are daily smokers,Y_GE15,15 years or over,M,Male,PT_POP,Percentage of population,_Z,Not applicable,2004,,43.3,,A,Normal value,0,Units,,
DATAFLOW,OECD.ELS.HD:DSD_HEALTH_LVNG@DF_HEALTH_LVNG_TC(1.0),Tobacco consumption,I,JPN,Japan,A,Annual,SP_DS,Share of population who are daily smokers,Y_GE15,15 years or over,M,Male,PT_POP,Percentage of population,_Z,Not applicable,2003,,46.8,,A,Normal value,0,Units,,
DATAFLOW,OECD.ELS.HD:DSD_HEALTH_LVNG@DF_HEALTH_LVNG_TC(1.0),Tobacco consumption,I,JPN,Japan,A,Annual,SP_DS,Share of population who are daily smokers,Y_GE15,15 years or over,M,Male,PT_POP,Percentage of population,_Z,Not applicable,2002,,43.3,,A,Normal value,0,Units,,
DATAFLOW,OECD.ELS.HD:DSD_HEALTH_LVNG@DF_HEALTH_LVNG_TC(1.0),Tobacco consumption,I,JPN,Japan,A,Annual,SP_DS,Share of population who are daily smokers,Y_GE15,15 years or over,M,Male,PT_POP,Percentage of population,_Z,Not applicable,2001,,45.9,,A,Normal value,0,Units,,
DATAFLOW,OECD.ELS.HD:DSD_HEALTH_LVNG@DF_HEALTH_LVNG_TC(1.0),Tobacco consumption,I,JPN,Japan,A,Annual,SP_DS,Share of population who are daily smokers,Y_GE15,15 years or over,M,Male,PT_POP,Percentage of population,_Z,Not applicable,2000,,47.4,,A,Normal value,0,Units,,
DATAFLOW,OECD.ELS.HD:DSD_HEALTH_LVNG@DF_HEALTH_LVNG_TC(1.0),Tobacco consumption,I,JPN,Japan,A,Annual,SP_DS,Share of population who are daily smokers,Y_GE15,15 years or over,M,Male,PT_POP,Percentage of population,_Z,Not applicable,1999,,49.2,,A,Normal value,0,Units,,
DATAFLOW,OECD.ELS.HD:DSD_HEALTH_LVNG@DF_HEALTH_LVNG_TC(1.0),Tobacco consumption,I,JPN,Japan,A,Annual,SP_DS,Share of population who are daily smokers,Y_GE15,15 years or over,M,Male,PT_POP,Percentage of population,_Z,Not applicable,1998,,50.8,,A,Normal value,0,Units,,
DATAFLOW,OECD.ELS.HD:DSD_HEALTH_LVNG@DF_HEALTH_LVNG_TC(1.0),Tobacco consumption,I,CAN,Canada,A,Annual,SP_DS,Share of population who are daily smokers,Y_GE15,15 years or over,_T,Total,PT_POP,Percentage of population,_Z,Not applicable,2018,,11.3,,A,Normal value,0,Units,,
DATAFLOW,OECD.ELS.HD:DSD_HEALTH_LVNG@DF_HEALTH_LVNG_TC(1.0),Tobacco consumption,I,CAN,Canada,A,Annual,SP_DS,Share of population who are daily smokers,Y_GE15,15 years or over,_T,Total,PT_POP,Percentage of population,_Z,Not applicable,2017,,12,,A,Normal value,0,Units,,
DATAFLOW,OECD.ELS.HD:DSD_HEALTH_LVNG@DF_HEALTH_LVNG_TC(1.0),Tobacco consumption,I,CAN,Canada,A,Annual,SP_DS,Share of population who are daily smokers,Y_GE15,15 years or over,_T,Total,PT_POP,Percentage of population,_Z,Not applicable,2016,,12.5,,A,Normal value,0,Units,,
DATAFLOW,OECD.ELS.HD:DSD_HEALTH_LVNG@DF_HEALTH_LVNG_TC(1.0),Tobacco consumption,I,CAN,Canada,A,Annual,SP_DS,Share of population who are daily smokers,Y_GE15,15 years or over,_T,Total,PT_POP,Percentage of population,_Z,Not applicable,2015,,13.1,,B,Time series break,0,Units,,
DATAFLOW,OECD.ELS.HD:DSD_HEALTH_LVNG@DF_HEALTH_LVNG_TC(1.0),Tobacco consumption,I,CAN,Canada,A,Annual,SP_DS,Share of population who are daily smokers,Y_GE15,15 years or over,_T,Total,PT_POP,Percentage of population,_Z,Not applicable,2014,,14,,A,Normal value,0,Units,,
DATAFLOW,OECD.ELS.HD:DSD_HEALTH_LVNG@DF_HEALTH_LVNG_TC(1.0),Tobacco consumption,I,CAN,Canada,A,Annual,SP_DS,Share of population who are daily smokers,Y_GE15,15 years or over,_T,Total,PT_POP,Percentage of population,_Z,Not applicable,2013,,14.9,,A,Normal value,0,Units,,
DATAFLOW,OECD.ELS.HD:DSD_HEALTH_LVNG@DF_HEALTH_LVNG_TC(1.0),Tobacco consumption,I,CAN,Canada,A,Annual,SP_DS,Share of population who are daily smokers,Y_GE15,15 years or over,_T,Total,PT_POP,Percentage of population,_Z,Not applicable,2012,,16.1,,A,Normal value,0,Units,,
DATAFLOW,OECD.ELS.HD:DSD_HEALTH_LVNG@DF_HEALTH_LVNG_TC(1.0),Tobacco consumption,I,CAN,Canada,A,Annual,SP_DS,Share of population who are daily smokers,Y_GE15,15 years or over,_T,Total,PT_POP,Percentage of population,_Z,Not applicable,2011,,15.7,,A,Normal value,0,Units,,
DATAFLOW,OECD.ELS.HD:DSD_HEALTH_LVNG@DF_HEALTH_LVNG_TC(1.0),Tobacco consumption,I,CAN,Canada,A,Annual,SP_DS,Share of population who are daily smokers,Y_GE15,15 years or over,_T,Total,PT_POP,Percentage of population,_Z,Not applicable,2010,,16.3,,A,Normal value,0,Units,,
DATAFLOW,OECD.ELS.HD:DSD_HEALTH_LVNG@DF_HEALTH_LVNG_TC(1.0),Tobacco consumption,I,CAN,Canada,A,Annual,SP_DS,Share of population who are daily smokers,Y_GE15,15 years or over,_T,Total,PT_POP,Percentage of population,_Z,Not applicable,2009,,16.2,,A,Normal value,0,Units,,
DATAFLOW,OECD.ELS.HD:DSD_HEALTH_LVNG@DF_HEALTH_LVNG_TC(1.0),Tobacco consumption,I,CAN,Canada,A,Annual,SP_DS,Share of population who are daily smokers,Y_GE15,15 years or over,_T,Total,PT_POP,Percentage of population,_Z,Not applicable,2008,,17.5,,A,Normal value,0,Units,,
DATAFLOW,OECD.ELS.HD:DSD_HEALTH_LVNG@DF_HEALTH_LVNG_TC(1.0),Tobacco consumption,I,CAN,Canada,A,Annual,SP_DS,Share of population who are daily smokers,Y_GE15,15 years or over,_T,Total,PT_POP,Percentage of population,_Z,Not applicable,2007,,18.2,,A,Normal value,0,Units,,
DATAFLOW,OECD.ELS.HD:DSD_HEALTH_LVNG@DF_HEALTH_LVNG_TC(1.0),Tobacco consumption,I,CAN,Canada,A,Annual,SP_DS,Share of population who are daily smokers,Y_GE15,15 years or over,_T,Total,PT_POP,Percentage of population,_Z,Not applicable,2005,,17.3,,A,Normal value,0,Units,,
DATAFLOW,OECD.ELS.HD:DSD_HEALTH_LVNG@DF_HEALTH_LVNG_TC(1.0),Tobacco consumption,I,CAN,Canada,A,Annual,SP_DS,Share of population who are daily smokers,Y_GE15,15 years or over,_T,Total,PT_POP,Percentage of population,_Z,Not applicable,2003,,18.7,,A,Normal value,0,Units,,
DATAFLOW,OECD.ELS.HD:DSD_HEALTH_LVNG@DF_HEALTH_LVNG_TC(1.0),Tobacco consumption,I,CAN,Canada,A,Annual,SP_DS,Share of population who are daily smokers,Y_GE15,15 years or over,_T,Total,PT_POP,Percentage of population,_Z,Not applicable,2001,,22.4,,A,Normal value,0,Units,,
DATAFLOW,OECD.ELS.HD:DSD_HEALTH_LVNG@DF_HEALTH_LVNG_TC(1.0),Tobacco consumption,I,CAN,Canada,A,Annual,SP_DS,Share of population who are daily smokers,Y_GE15,15 years or over,_T,Total,PT_POP,Percentage of population,_Z,Not applicable,1998,,23.8,,A,Normal value,0,Units,,
DATAFLOW,OECD.ELS.HD:DSD_HEALTH_LVNG@DF_HEALTH_LVNG_TC(1.0),Tobacco consumption,I,CRI,Costa Rica,A,Annual,SP_DS,Share of population who are daily smokers,Y_GE15,15 years or over,M,Male,PT_POP,Percentage of population,_Z,Not applicable,2018,,13.8,,E,Estimated value,0,Units,,
DATAFLOW,OECD.ELS.HD:DSD_HEALTH_LVNG@DF_HEALTH_LVNG_TC(1.0),Tobacco consumption,I,CRI,Costa Rica,A,Annual,SP_DS,Share of population who are daily smokers,Y_GE15,15 years or over,M,Male,PT_POP,Percentage of population,_Z,Not applicable,2017,,14.5,,E,Estimated value,0,Units,,
DATAFLOW,OECD.ELS.HD:DSD_HEALTH_LVNG@DF_HEALTH_LVNG_TC(1.0),Tobacco consumption,I,CRI,Costa Rica,A,Annual,SP_DS,Share of population who are daily smokers,Y_GE15,15 years or over,M,Male,PT_POP,Percentage of population,_Z,Not applicable,2016,,15.3,,E,Estimated value,0,Units,,
DATAFLOW,OECD.ELS.HD:DSD_HEALTH_LVNG@DF_HEALTH_LVNG_TC(1.0),Tobacco consumption,I,CRI,Costa Rica,A,Annual,SP_DS,Share of population who are daily smokers,Y_GE15,15 years or over,M,Male,PT_POP,Percentage of population,_Z,Not applicable,2015,,16.1,,A,Normal value,0,Units,,
DATAFLOW,OECD.ELS.HD:DSD_HEALTH_LVNG@DF_HEALTH_LVNG_TC(1.0),Tobacco consumption,I,CRI,Costa Rica,A,Annual,SP_DS,Share of population who are daily smokers,Y_GE15,15 years or over,M,Male,PT_POP,Percentage of population,_Z,Not applicable,2014,,16.8,,A,Normal value,0,Units,,
DATAFLOW,OECD.ELS.HD:DSD_HEALTH_LVNG@DF_HEALTH_LVNG_TC(1.0),Tobacco consumption,I,JPN,Japan,A,Annual,SP_DS,Share of population who are daily smokers,Y_GE15,15 years or over,F,Female,PT_POP,Percentage of population,_Z,Not applicable,2011,,9.7,,A,Normal value,0,Units,,
DATAFLOW,OECD.ELS.HD:DSD_HEALTH_LVNG@DF_HEALTH_LVNG_TC(1.0),Tobacco consumption,I,JPN,Japan,A,Annual,SP_DS,Share of population who are daily smokers,Y_GE15,15 years or over,F,Female,PT_POP,Percentage of population,_Z,Not applicable,2010,,8.4,,A,Normal value,0,Units,,
DATAFLOW,OECD.ELS.HD:DSD_HEALTH_LVNG@DF_HEALTH_LVNG_TC(1.0),Tobacco consumption,I,JPN,Japan,A,Annual,SP_DS,Share of population who are daily smokers,Y_GE15,15 years or over,F,Female,PT_POP,Percentage of population,_Z,Not applicable,2009,,10.9,,A,Normal value,0,Units,,
DATAFLOW,OECD.ELS.HD:DSD_HEALTH_LVNG@DF_HEALTH_LVNG_TC(1.0),Tobacco consumption,I,JPN,Japan,A,Annual,SP_DS,Share of population who are daily smokers,Y_GE15,15 years or over,F,Female,PT_POP,Percentage of population,_Z,Not applicable,2008,,9.1,,A,Normal value,0,Units,,
DATAFLOW,OECD.ELS.HD:DSD_HEALTH_LVNG@DF_HEALTH_LVNG_TC(1.0),Tobacco consumption,I,JPN,Japan,A,Annual,SP_DS,Share of population who are daily smokers,Y_GE15,15 years or over,F,Female,PT_POP,Percentage of population,_Z,Not applicable,2007,,11,,A,Normal value,0,Units,,
DATAFLOW,OECD.ELS.HD:DSD_HEALTH_LVNG@DF_HEALTH_LVNG_TC(1.0),Tobacco consumption,I,JPN,Japan,A,Annual,SP_DS,Share of population who are daily smokers,Y_GE15,15 years or over,F,Female,PT_POP,Percentage of population,_Z,Not applicable,2006,,10,,A,Normal value,0,Units,,
DATAFLOW,OECD.ELS.HD:DSD_HEALTH_LVNG@DF_HEALTH_LVNG_TC(1.0),Tobacco consumption,I,JPN,Japan,A,Annual,SP_DS,Share of population who are daily smokers,Y_GE15,15 years or over,F,Female,PT_POP,Percentage of population,_Z,Not applicable,2005,,11.3,,A,Normal value,0,Units,,
DATAFLOW,OECD.ELS.HD:DSD_HEALTH_LVNG@DF_HEALTH_LVNG_TC(1.0),Tobacco consumption,I,JPN,Japan,A,Annual,SP_DS,Share of population who are daily smokers,Y_GE15,15 years or over,F,Female,PT_POP,Percentage of population,_Z,Not applicable,2004,,12,,A,Normal value,0,Units,,
DATAFLOW,OECD.ELS.HD:DSD_HEALTH_LVNG@DF_HEALTH_LVNG_TC(1.0),Tobacco consumption,I,JPN,Japan,A,Annual,SP_DS,Share of population who are daily smokers,Y_GE15,15 years or over,F,Female,PT_POP,Percentage of population,_Z,Not applicable,2003,,11.3,,A,Normal value,0,Units,,
DATAFLOW,OECD.ELS.HD:DSD_HEALTH_LVNG@DF_HEALTH_LVNG_TC(1.0),Tobacco consumption,I,JPN,Japan,A,Annual,SP_DS,Share of population who are daily smokers,Y_GE15,15 years or over,F,Female,PT_POP,Percentage of population,_Z,Not applicable,2002,,10.2,,A,Normal value,0,Units,,
DATAFLOW,OECD.ELS.HD:DSD_HEALTH_LVNG@DF_HEALTH_LVNG_TC(1.0),Tobacco consumption,I,JPN,Japan,A,Annual,SP_DS,Share of population who are daily smokers,Y_GE15,15 years or over,F,Female,PT_POP,Percentage of population,_Z,Not applicable,2001,,9.9,,A,Normal value,0,Units,,
DATAFLOW,OECD.ELS.HD:DSD_HEALTH_LVNG@DF_HEALTH_LVNG_TC(1.0),Tobacco consumption,I,JPN,Japan,A,Annual,SP_DS,Share of population who are daily smokers,Y_GE15,15 years or over,F,Female,PT_POP,Percentage of population,_Z,Not applicable,2000,,11.5,,A,Normal value,0,Units,,
DATAFLOW,OECD.ELS.HD:DSD_HEALTH_LVNG@DF_HEALTH_LVNG_TC(1.0),Tobacco consumption,I,JPN,Japan,A,Annual,SP_DS,Share of population who are daily smokers,Y_GE15,15 years or over,F,Female,PT_POP,Percentage of population,_Z,Not applicable,1999,,10.3,,A,Normal value,0,Units,,
DATAFLOW,OECD.ELS.HD:DSD_HEALTH_LVNG@DF_HEALTH_LVNG_TC(1.0),Tobacco consumption,I,JPN,Japan,A,Annual,SP_DS,Share of population who are daily smokers,Y_GE15,15 years or over,F,Female,PT_POP,Percentage of population,_Z,Not applicable,1998,,10.9,,A,Normal value,0,Units,,
DATAFLOW,OECD.ELS.HD:DSD_HEALTH_LVNG@DF_HEALTH_LVNG_TC(1.0),Tobacco consumption,I,GRC,Greece,A,Annual,SP_DS,Share of population who are daily smokers,Y_GE15,15 years or over,F,Female,PT_POP,Percentage of population,_Z,Not applicable,2014,,21.4,,A,Normal value,0,Units,,
DATAFLOW,OECD.ELS.HD:DSD_HEALTH_LVNG@DF_HEALTH_LVNG_TC(1.0),Tobacco consumption,I,GRC,Greece,A,Annual,SP_DS,Share of population who are daily smokers,Y_GE15,15 years or over,F,Female,PT_POP,Percentage of population,_Z,Not applicable,2009,,26.1,,A,Normal value,0,Units,,
DATAFLOW,OECD.ELS.HD:DSD_HEALTH_LVNG@DF_HEALTH_LVNG_TC(1.0),Tobacco consumption,I,GRC,Greece,A,Annual,SP_DS,Share of population who are daily smokers,Y_GE15,15 years or over,F,Female,PT_POP,Percentage of population,_Z,Not applicable,2008,,33.5,,A,Normal value,0,Units,,
DATAFLOW,OECD.ELS.HD:DSD_HEALTH_LVNG@DF_HEALTH_LVNG_TC(1.0),Tobacco consumption,I,GRC,Greece,A,Annual,SP_DS,Share of population who are daily smokers,Y_GE15,15 years or over,F,Female,PT_POP,Percentage of population,_Z,Not applicable,2006,,30.8,,A,Normal value,0,Units,,
DATAFLOW,OECD.ELS.HD:DSD_HEALTH_LVNG@DF_HEALTH_LVNG_TC(1.0),Tobacco consumption,I,GRC,Greece,A,Annual,SP_DS,Share of population who are daily smokers,Y_GE15,15 years or over,F,Female,PT_POP,Percentage of population,_Z,Not applicable,2004,,31.3,,A,Normal value,0,Units,,
DATAFLOW,OECD.ELS.HD:DSD_HEALTH_LVNG@DF_HEALTH_LVNG_TC(1.0),Tobacco consumption,I,GRC,Greece,A,Annual,SP_DS,Share of population who are daily smokers,Y_GE15,15 years or over,F,Female,PT_POP,Percentage of population,_Z,Not applicable,2000,,27,,A,Normal value,0,Units,,
DATAFLOW,OECD.ELS.HD:DSD_HEALTH_LVNG@DF_HEALTH_LVNG_TC(1.0),Tobacco consumption,I,GRC,Greece,A,Annual,SP_DS,Share of population who are daily smokers,Y_GE15,15 years or over,F,Female,PT_POP,Percentage of population,_Z,Not applicable,1998,,29,,A,Normal value,0,Units,,
DATAFLOW,OECD.ELS.HD:DSD_HEALTH_LVNG@DF_HEALTH_LVNG_TC(1.0),Tobacco consumption,I,CRI,Costa Rica,A,Annual,SP_DS,Share of population who are daily smokers,Y_GE15,15 years or over,_T,Total,PT_POP,Percentage of population,_Z,Not applicable,2018,,9.5,,E,Estimated value,0,Units,,
DATAFLOW,OECD.ELS.HD:DSD_HEALTH_LVNG@DF_HEALTH_LVNG_TC(1.0),Tobacco consumption,I,CRI,Costa Rica,A,Annual,SP_DS,Share of population who are daily smokers,Y_GE15,15 years or over,_T,Total,PT_POP,Percentage of population,_Z,Not applicable,2017,,10,,E,Estimated value,0,Units,,
DATAFLOW,OECD.ELS.HD:DSD_HEALTH_LVNG@DF_HEALTH_LVNG_TC(1.0),Tobacco consumption,I,CRI,Costa Rica,A,Annual,SP_DS,Share of population who are daily smokers,Y_GE15,15 years or over,_T,Total,PT_POP,Percentage of population,_Z,Not applicable,2016,,10.5,,E,Estimated value,0,Units,,
DATAFLOW,OECD.ELS.HD:DSD_HEALTH_LVNG@DF_HEALTH_LVNG_TC(1.0),Tobacco consumption,I,CRI,Costa Rica,A,Annual,SP_DS,Share of population who are daily smokers,Y_GE15,15 years or over,_T,Total,PT_POP,Percentage of population,_Z,Not applicable,2015,,11,,A,Normal value,0,Units,,
DATAFLOW,OECD.ELS.HD:DSD_HEALTH_LVNG@DF_HEALTH_LVNG_TC(1.0),Tobacco consumption,I,CRI,Costa Rica,A,Annual,SP_DS,Share of population who are daily smokers,Y_GE15,15 years or over,_T,Total,PT_POP,Percentage of population,_Z,Not applicable,2014,,11.7,,A,Normal value,0,Units,,
DATAFLOW,OECD.ELS.HD:DSD_HEALTH_LVNG@DF_HEALTH_LVNG_TC(1.0),Tobacco consumption,I,CRI,Costa Rica,A,Annual,SP_DS,Share of population who are daily smokers,Y_GE15,15 years or over,_T,Total,PT_POP,Percentage of population,_Z,Not applicable,2013,,12.3,,A,Normal value,0,Units,,
DATAFLOW,OECD.ELS.HD:DSD_HEALTH_LVNG@DF_HEALTH_LVNG_TC(1.0),Tobacco consumption,I,CRI,Costa Rica,A,Annual,SP_DS,Share of population who are daily smokers,Y_GE15,15 years or over,_T,Total,PT_POP,Percentage of population,_Z,Not applicable,2012,,13,,A,Normal value,0,Units,,
DATAFLOW,OECD.ELS.HD:DSD_HEALTH_LVNG@DF_HEALTH_LVNG_TC(1.0),Tobacco consumption,I,CRI,Costa Rica,A,Annual,SP_DS,Share of population who are daily smokers,Y_GE15,15 years or over,_T,Total,PT_POP,Percentage of population,_Z,Not applicable,2011,,13.7,,A,Normal value,0,Units,,
DATAFLOW,OECD.ELS.HD:DSD_HEALTH_LVNG@DF_HEALTH_LVNG_TC(1.0),Tobacco consumption,I,CRI,Costa Rica,A,Annual,SP_DS,Share of population who are daily smokers,Y_GE15,15 years or over,_T,Total,PT_POP,Percentage of population,_Z,Not applicable,2010,,14.4,,A,Normal value,0,Units,,
DATAFLOW,OECD.ELS.HD:DSD_HEALTH_LVNG@DF_HEALTH_LVNG_TC(1.0),Tobacco consumption,I,CRI,Costa Rica,A,Annual,SP_DS,Share of population who are daily smokers,Y_GE15,15 years or over,_T,Total,PT_POP,Percentage of population,_Z,Not applicable,2009,,14.8,,A,Normal value,0,Units,,
DATAFLOW,OECD.ELS.HD:DSD_HEALTH_LVNG@DF_HEALTH_LVNG_TC(1.0),Tobacco consumption,I,CRI,Costa Rica,A,Annual,SP_DS,Share of population who are daily smokers,Y_GE15,15 years or over,_T,Total,PT_POP,Percentage of population,_Z,Not applicable,2008,,15.1,,A,Normal value,0,Units,,
DATAFLOW,OECD.ELS.HD:DSD_HEALTH_LVNG@DF_HEALTH_LVNG_TC(1.0),Tobacco consumption,I,CRI,Costa Rica,A,Annual,SP_DS,Share of population who are daily smokers,Y_GE15,15 years or over,_T,Total,PT_POP,Percentage of population,_Z,Not applicable,2007,,15.5,,A,Normal value,0,Units,,
DATAFLOW,OECD.ELS.HD:DSD_HEALTH_LVNG@DF_HEALTH_LVNG_TC(1.0),Tobacco consumption,I,CRI,Costa Rica,A,Annual,SP_DS,Share of population who are daily smokers,Y_GE15,15 years or over,_T,Total,PT_POP,Percentage of population,_Z,Not applicable,2006,,15.8,,A,Normal value,0,Units,,
DATAFLOW,OECD.ELS.HD:DSD_HEALTH_LVNG@DF_HEALTH_LVNG_TC(1.0),Tobacco consumption,I,CRI,Costa Rica,A,Annual,SP_DS,Share of population who are daily smokers,Y_GE15,15 years or over,_T,Total,PT_POP,Percentage of population,_Z,Not applicable,2000,,12.5,,A,Normal value,0,Units,,
DATAFLOW,OECD.ELS.HD:DSD_HEALTH_LVNG@DF_HEALTH_LVNG_TC(1.0),Tobacco consumption,I,CRI,Costa Rica,A,Annual,SP_DS,Share of population who are daily smokers,Y_GE15,15 years or over,_T,Total,PT_POP,Percentage of population,_Z,Not applicable,1999,,12.9,,E,Estimated value,0,Units,,
DATAFLOW,OECD.ELS.HD:DSD_HEALTH_LVNG@DF_HEALTH_LVNG_TC(1.0),Tobacco consumption,I,CRI,Costa Rica,A,Annual,SP_DS,Share of population who are daily smokers,Y_GE15,15 years or over,_T,Total,PT_POP,Percentage of population,_Z,Not applicable,1998,,13.4,,E,Estimated value,0,Units,,
DATAFLOW,OECD.ELS.HD:DSD_HEALTH_LVNG@DF_HEALTH_LVNG_TC(1.0),Tobacco consumption,I,JPN,Japan,A,Annual,SP_DS,Share of population who are daily smokers,Y_GE15,15 years or over,_T,Total,PT_POP,Percentage of population,_Z,Not applicable,2018,,17.8,,A,Normal value,0,Units,,
DATAFLOW,OECD.ELS.HD:DSD_HEALTH_LVNG@DF_HEALTH_LVNG_TC(1.0),Tobacco consumption,I,JPN,Japan,A,Annual,SP_DS,Share of population who are daily smokers,Y_GE15,15 years or over,_T,Total,PT_POP,Percentage of population,_Z,Not applicable,2017,,17.7,,A,Normal value,0,Units,,
DATAFLOW,OECD.ELS.HD:DSD_HEALTH_LVNG@DF_HEALTH_LVNG_TC(1.0),Tobacco consumption,I,JPN,Japan,A,Annual,SP_DS,Share of population who are daily smokers,Y_GE15,15 years or over,_T,Total,PT_POP,Percentage of population,_Z,Not applicable,2016,,18.3,,A,Normal value,0,Units,,
DATAFLOW,OECD.ELS.HD:DSD_HEALTH_LVNG@DF_HEALTH_LVNG_TC(1.0),Tobacco consumption,I,JPN,Japan,A,Annual,SP_DS,Share of population who are daily smokers,Y_GE15,15 years or over,_T,Total,PT_POP,Percentage of population,_Z,Not applicable,2015,,18.2,,A,Normal value,0,Units,,
DATAFLOW,OECD.ELS.HD:DSD_HEALTH_LVNG@DF_HEALTH_LVNG_TC(1.0),Tobacco consumption,I,JPN,Japan,A,Annual,SP_DS,Share of population who are daily smokers,Y_GE15,15 years or over,_T,Total,PT_POP,Percentage of population,_Z,Not applicable,2014,,19.6,,A,Normal value,0,Units,,
DATAFLOW,OECD.ELS.HD:DSD_HEALTH_LVNG@DF_HEALTH_LVNG_TC(1.0),Tobacco consumption,I,JPN,Japan,A,Annual,SP_DS,Share of population who are daily smokers,Y_GE15,15 years or over,_T,Total,PT_POP,Percentage of population,_Z,Not applicable,2013,,19.3,,A,Normal value,0,Units,,
DATAFLOW,OECD.ELS.HD:DSD_HEALTH_LVNG@DF_HEALTH_LVNG_TC(1.0),Tobacco consumption,I,JPN,Japan,A,Annual,SP_DS,Share of population who are daily smokers,Y_GE15,15 years or over,_T,Total,PT_POP,Percentage of population,_Z,Not applicable,2012,,20.7,,A,Normal value,0,Units,,
DATAFLOW,OECD.ELS.HD:DSD_HEALTH_LVNG@DF_HEALTH_LVNG_TC(1.0),Tobacco consumption,I,JPN,Japan,A,Annual,SP_DS,Share of population who are daily smokers,Y_GE15,15 years or over,_T,Total,PT_POP,Percentage of population,_Z,Not applicable,2011,,20.1,,A,Normal value,0,Units,,
DATAFLOW,OECD.ELS.HD:DSD_HEALTH_LVNG@DF_HEALTH_LVNG_TC(1.0),Tobacco consumption,I,JPN,Japan,A,Annual,SP_DS,Share of population who are daily smokers,Y_GE15,15 years or over,_T,Total,PT_POP,Percentage of population,_Z,Not applicable,2010,,19.5,,A,Normal value,0,Units,,
DATAFLOW,OECD.ELS.HD:DSD_HEALTH_LVNG@DF_HEALTH_LVNG_TC(1.0),Tobacco consumption,I,JPN,Japan,A,Annual,SP_DS,Share of population who are daily smokers,Y_GE15,15 years or over,_T,Total,PT_POP,Percentage of population,_Z,Not applicable,2009,,23.4,,A,Normal value,0,Units,,
DATAFLOW,OECD.ELS.HD:DSD_HEALTH_LVNG@DF_HEALTH_LVNG_TC(1.0),Tobacco consumption,I,JPN,Japan,A,Annual,SP_DS,Share of population who are daily smokers,Y_GE15,15 years or over,_T,Total,PT_POP,Percentage of population,_Z,Not applicable,2008,,21.8,,A,Normal value,0,Units,,
DATAFLOW,OECD.ELS.HD:DSD_HEALTH_LVNG@DF_HEALTH_LVNG_TC(1.0),Tobacco consumption,I,JPN,Japan,A,Annual,SP_DS,Share of population who are daily smokers,Y_GE15,15 years or over,_T,Total,PT_POP,Percentage of population,_Z,Not applicable,2007,,24.1,,A,Normal value,0,Units,,
DATAFLOW,OECD.ELS.HD:DSD_HEALTH_LVNG@DF_HEALTH_LVNG_TC(1.0),Tobacco consumption,I,JPN,Japan,A,Annual,SP_DS,Share of population who are daily smokers,Y_GE15,15 years or over,_T,Total,PT_POP,Percentage of population,_Z,Not applicable,2006,,23.8,,A,Normal value,0,Units,,
DATAFLOW,OECD.ELS.HD:DSD_HEALTH_LVNG@DF_HEALTH_LVNG_TC(1.0),Tobacco consumption,I,JPN,Japan,A,Annual,SP_DS,Share of population who are daily smokers,Y_GE15,15 years or over,_T,Total,PT_POP,Percentage of population,_Z,Not applicable,2005,,24.2,,A,Normal value,0,Units,,
DATAFLOW,OECD.ELS.HD:DSD_HEALTH_LVNG@DF_HEALTH_LVNG_TC(1.0),Tobacco consumption,I,JPN,Japan,A,Annual,SP_DS,Share of population who are daily smokers,Y_GE15,15 years or over,_T,Total,PT_POP,Percentage of population,_Z,Not applicable,2004,,26.4,,A,Normal value,0,Units,,
DATAFLOW,OECD.ELS.HD:DSD_HEALTH_LVNG@DF_HEALTH_LVNG_TC(1.0),Tobacco consumption,I,JPN,Japan,A,Annual,SP_DS,Share of population who are daily smokers,Y_GE15,15 years or over,_T,Total,PT_POP,Percentage of population,_Z,Not applicable,2003,,27.7,,A,Normal value,0,Units,,
DATAFLOW,OECD.ELS.HD:DSD_HEALTH_LVNG@DF_HEALTH_LVNG_TC(1.0),Tobacco consumption,I,JPN,Japan,A,Annual,SP_DS,Share of population who are daily smokers,Y_GE15,15 years or over,_T,Total,PT_POP,Percentage of population,_Z,Not applicable,2002,,24,,A,Normal value,0,Units,,
DATAFLOW,OECD.ELS.HD:DSD_HEALTH_LVNG@DF_HEALTH_LVNG_TC(1.0),Tobacco consumption,I,JPN,Japan,A,Annual,SP_DS,Share of population who are daily smokers,Y_GE15,15 years or over,_T,Total,PT_POP,Percentage of population,_Z,Not applicable,2001,,24.4,,A,Normal value,0,Units,,
DATAFLOW,OECD.ELS.HD:DSD_HEALTH_LVNG@DF_HEALTH_LVNG_TC(1.0),Tobacco consumption,I,JPN,Japan,A,Annual,SP_DS,Share of population who are daily smokers,Y_GE15,15 years or over,_T,Total,PT_POP,Percentage of population,_Z,Not applicable,2000,,27,,A,Normal value,0,Units,,
DATAFLOW,OECD.ELS.HD:DSD_HEALTH_LVNG@DF_HEALTH_LVNG_TC(1.0),Tobacco consumption,I,JPN,Japan,A,Annual,SP_DS,Share of population who are daily smokers,Y_GE15,15 years or over,_T,Total,PT_POP,Percentage of population,_Z,Not applicable,1999,,26.2,,A,Normal value,0,Units,,
DATAFLOW,OECD.ELS.HD:DSD_HEALTH_LVNG@DF_HEALTH_LVNG_TC(1.0),Tobacco consumption,I,JPN,Japan,A,Annual,SP_DS,Share of population who are daily smokers,Y_GE15,15 years or over,_T,Total,PT_POP,Percentage of population,_Z,Not applicable,1998,,27.6,,A,Normal value,0,Units,,
DATAFLOW,OECD.ELS.HD:DSD_HEALTH_LVNG@DF_HEALTH_LVNG_TC(1.0),Tobacco consumption,I,CAN,Canada,A,Annual,SP_DS,Share of population who are daily smokers,Y_GE15,15 years or over,M,Male,PT_POP,Percentage of population,_Z,Not applicable,2018,,12.8,,A,Normal value,0,Units,,
DATAFLOW,OECD.ELS.HD:DSD_HEALTH_LVNG@DF_HEALTH_LVNG_TC(1.0),Tobacco consumption,I,CAN,Canada,A,Annual,SP_DS,Share of population who are daily smokers,Y_GE15,15 years or over,M,Male,PT_POP,Percentage of population,_Z,Not applicable,2017,,14.2,,A,Normal value,0,Units,,
DATAFLOW,OECD.ELS.HD:DSD_HEALTH_LVNG@DF_HEALTH_LVNG_TC(1.0),Tobacco consumption,I,CAN,Canada,A,Annual,SP_DS,Share of population who are daily smokers,Y_GE15,15 years or over,M,Male,PT_POP,Percentage of population,_Z,Not applicable,2016,,14.2,,A,Normal value,0,Units,,
DATAFLOW,OECD.ELS.HD:DSD_HEALTH_LVNG@DF_HEALTH_LVNG_TC(1.0),Tobacco consumption,I,CAN,Canada,A,Annual,SP_DS,Share of population who are daily smokers,Y_GE15,15 years or over,M,Male,PT_POP,Percentage of population,_Z,Not applicable,2015,,14.9,,B,Time series break,0,Units,,
DATAFLOW,OECD.ELS.HD:DSD_HEALTH_LVNG@DF_HEALTH_LVNG_TC(1.0),Tobacco consumption,I,CAN,Canada,A,Annual,SP_DS,Share of population who are daily smokers,Y_GE15,15 years or over,M,Male,PT_POP,Percentage of population,_Z,Not applicable,2014,,16.3,,A,Normal value,0,Units,,
DATAFLOW,OECD.ELS.HD:DSD_HEALTH_LVNG@DF_HEALTH_LVNG_TC(1.0),Tobacco consumption,I,CAN,Canada,A,Annual,SP_DS,Share of population who are daily smokers,Y_GE15,15 years or over,M,Male,PT_POP,Percentage of population,_Z,Not applicable,2013,,16.9,,A,Normal value,0,Units,,
DATAFLOW,OECD.ELS.HD:DSD_HEALTH_LVNG@DF_HEALTH_LVNG_TC(1.0),Tobacco consumption,I,CAN,Canada,A,Annual,SP_DS,Share of population who are daily smokers,Y_GE15,15 years or over,M,Male,PT_POP,Percentage of population,_Z,Not applicable,2012,,18.7,,A,Normal value,0,Units,,
DATAFLOW,OECD.ELS.HD:DSD_HEALTH_LVNG@DF_HEALTH_LVNG_TC(1.0),Tobacco consumption,I,CAN,Canada,A,Annual,SP_DS,Share of population who are daily smokers,Y_GE15,15 years or over,M,Male,PT_POP,Percentage of population,_Z,Not applicable,2011,,17.4,,A,Normal value,0,Units,,
DATAFLOW,OECD.ELS.HD:DSD_HEALTH_LVNG@DF_HEALTH_LVNG_TC(1.0),Tobacco consumption,I,CAN,Canada,A,Annual,SP_DS,Share of population who are daily smokers,Y_GE15,15 years or over,M,Male,PT_POP,Percentage of population,_Z,Not applicable,2010,,19,,A,Normal value,0,Units,,
DATAFLOW,OECD.ELS.HD:DSD_HEALTH_LVNG@DF_HEALTH_LVNG_TC(1.0),Tobacco consumption,I,CAN,Canada,A,Annual,SP_DS,Share of population who are daily smokers,Y_GE15,15 years or over,M,Male,PT_POP,Percentage of population,_Z,Not applicable,2009,,18.3,,A,Normal value,0,Units,,
DATAFLOW,OECD.ELS.HD:DSD_HEALTH_LVNG@DF_HEALTH_LVNG_TC(1.0),Tobacco consumption,I,CAN,Canada,A,Annual,SP_DS,Share of population who are daily smokers,Y_GE15,15 years or over,M,Male,PT_POP,Percentage of population,_Z,Not applicable,2008,,20,,A,Normal value,0,Units,,
DATAFLOW,OECD.ELS.HD:DSD_HEALTH_LVNG@DF_HEALTH_LVNG_TC(1.0),Tobacco consumption,I,CAN,Canada,A,Annual,SP_DS,Share of population who are daily smokers,Y_GE15,15 years or over,M,Male,PT_POP,Percentage of population,_Z,Not applicable,2007,,20.4,,A,Normal value,0,Units,,
DATAFLOW,OECD.ELS.HD:DSD_HEALTH_LVNG@DF_HEALTH_LVNG_TC(1.0),Tobacco consumption,I,CAN,Canada,A,Annual,SP_DS,Share of population who are daily smokers,Y_GE15,15 years or over,M,Male,PT_POP,Percentage of population,_Z,Not applicable,2005,,19.2,,A,Normal value,0,Units,,
DATAFLOW,OECD.ELS.HD:DSD_HEALTH_LVNG@DF_HEALTH_LVNG_TC(1.0),Tobacco consumption,I,CAN,Canada,A,Annual,SP_DS,Share of population who are daily smokers,Y_GE15,15 years or over,M,Male,PT_POP,Percentage of population,_Z,Not applicable,2003,,20.5,,A,Normal value,0,Units,,
DATAFLOW,OECD.ELS.HD:DSD_HEALTH_LVNG@DF_HEALTH_LVNG_TC(1.0),Tobacco consumption,I,CAN,Canada,A,Annual,SP_DS,Share of population who are daily smokers,Y_GE15,15 years or over,M,Male,PT_POP,Percentage of population,_Z,Not applicable,2001,,24.7,,A,Normal value,0,Units,,
DATAFLOW,OECD.ELS.HD:DSD_HEALTH_LVNG@DF_HEALTH_LVNG_TC(1.0),Tobacco consumption,I,CAN,Canada,A,Annual,SP_DS,Share of population who are daily smokers,Y_GE15,15 years or over,M,Male,PT_POP,Percentage of population,_Z,Not applicable,1998,,25.4,,A,Normal value,0,Units,,
DATAFLOW,OECD.ELS.HD:DSD_HEALTH_LVNG@DF_HEALTH_LVNG_TC(1.0),Tobacco consumption,I,GRC,Greece,A,Annual,SP_DS,Share of population who are daily smokers,Y_GE15,15 years or over,M,Male,PT_POP,Percentage of population,_Z,Not applicable,2014,,33.8,,A,Normal value,0,Units,,
DATAFLOW,OECD.ELS.HD:DSD_HEALTH_LVNG@DF_HEALTH_LVNG_TC(1.0),Tobacco consumption,I,GRC,Greece,A,Annual,SP_DS,Share of population who are daily smokers,Y_GE15,15 years or over,M,Male,PT_POP,Percentage of population,_Z,Not applicable,2009,,38,,A,Normal value,0,Units,,
DATAFLOW,OECD.ELS.HD:DSD_HEALTH_LVNG@DF_HEALTH_LVNG_TC(1.0),Tobacco consumption,I,GRC,Greece,A,Annual,SP_DS,Share of population who are daily smokers,Y_GE15,15 years or over,M,Male,PT_POP,Percentage of population,_Z,Not applicable,2008,,46.3,,A,Normal value,0,Units,,
DATAFLOW,OECD.ELS.HD:DSD_HEALTH_LVNG@DF_HEALTH_LVNG_TC(1.0),Tobacco consumption,I,GRC,Greece,A,Annual,SP_DS,Share of population who are daily smokers,Y_GE15,15 years or over,M,Male,PT_POP,Percentage of population,_Z,Not applicable,2006,,49.9,,A,Normal value,0,Units,,
DATAFLOW,OECD.ELS.HD:DSD_HEALTH_LVNG@DF_HEALTH_LVNG_TC(1.0),Tobacco consumption,I,GRC,Greece,A,Annual,SP_DS,Share of population who are daily smokers,Y_GE15,15 years or over,M,Male,PT_POP,Percentage of population,_Z,Not applicable,2004,,46,,A,Normal value,0,Units,,
DATAFLOW,OECD.ELS.HD:DSD_HEALTH_LVNG@DF_HEALTH_LVNG_TC(1.0),Tobacco consumption,I,GRC,Greece,A,Annual,SP_DS,Share of population who are daily smokers,Y_GE15,15 years or over,M,Male,PT_POP,Percentage of population,_Z,Not applicable,2000,,44,,A,Normal value,0,Units,,
DATAFLOW,OECD.ELS.HD:DSD_HEALTH_LVNG@DF_HEALTH_LVNG_TC(1.0),Tobacco consumption,I,GRC,Greece,A,Annual,SP_DS,Share of population who are daily smokers,Y_GE15,15 years or over,M,Male,PT_POP,Percentage of population,_Z,Not applicable,1998,,46.8,,A,Normal value,0,Units,,
DATAFLOW,OECD.ELS.HD:DSD_HEALTH_LVNG@DF_HEALTH_LVNG_TC(1.0),Tobacco consumption,I,GRC,Greece,A,Annual,SP_DS,Share of population who are daily smokers,Y_GE15,15 years or over,_T,Total,PT_POP,Percentage of population,_Z,Not applicable,2014,,27.3,,A,Normal value,0,Units,,
DATAFLOW,OECD.ELS.HD:DSD_HEALTH_LVNG@DF_HEALTH_LVNG_TC(1.0),Tobacco consumption,I,GRC,Greece,A,Annual,SP_DS,Share of population who are daily smokers,Y_GE15,15 years or over,_T,Total,PT_POP,Percentage of population,_Z,Not applicable,2009,,31.9,,A,Normal value,0,Units,,
DATAFLOW,OECD.ELS.HD:DSD_HEALTH_LVNG@DF_HEALTH_LVNG_TC(1.0),Tobacco consumption,I,GRC,Greece,A,Annual,SP_DS,Share of population who are daily smokers,Y_GE15,15 years or over,_T,Total,PT_POP,Percentage of population,_Z,Not applicable,2008,,39.7,,A,Normal value,0,Units,,
DATAFLOW,OECD.ELS.HD:DSD_HEALTH_LVNG@DF_HEALTH_LVNG_TC(1.0),Tobacco consumption,I,GRC,Greece,A,Annual,SP_DS,Share of population who are daily smokers,Y_GE15,15 years or over,_T,Total,PT_POP,Percentage of population,_Z,Not applicable,2006,,40,,A,Normal value,0,Units,,
DATAFLOW,OECD.ELS.HD:DSD_HEALTH_LVNG@DF_HEALTH_LVNG_TC(1.0),Tobacco consumption,I,GRC,Greece,A,Annual,SP_DS,Share of population who are daily smokers,Y_GE15,15 years or over,_T,Total,PT_POP,Percentage of population,_Z,Not applicable,2004,,38.6,,A,Normal value,0,Units,,
DATAFLOW,OECD.ELS.HD:DSD_HEALTH_LVNG@DF_HEALTH_LVNG_TC(1.0),Tobacco consumption,I,GRC,Greece,A,Annual,SP_DS,Share of population who are daily smokers,Y_GE15,15 years or over,_T,Total,PT_POP,Percentage of population,_Z,Not applicable,2000,,35,,A,Normal value,0,Units,,
DATAFLOW,OECD.ELS.HD:DSD_HEALTH_LVNG@DF_HEALTH_LVNG_TC(1.0),Tobacco consumption,I,GRC,Greece,A,Annual,SP_DS,Share of population who are daily smokers,Y_GE15,15 years or over,_T,Total,PT_POP,Percentage of population,_Z,Not applicable,1998,,37.6,,A,Normal value,0,Units,,
DATAFLOW,OECD.ELS.HD:DSD_HEALTH_LVNG@DF_HEALTH_LVNG_TC(1.0),Tobacco consumption,I,CAN,Canada,A,Annual,SP_DS,Share of population who are daily smokers,Y_GE15,15 years or over,F,Female,PT_POP,Percentage of population,_Z,Not applicable,2018,,9.7,,A,Normal value,0,Units,,
DATAFLOW,OECD.ELS.HD:DSD_HEALTH_LVNG@DF_HEALTH_LVNG_TC(1.0),Tobacco consumption,I,CAN,Canada,A,Annual,SP_DS,Share of population who are daily smokers,Y_GE15,15 years or over,F,Female,PT_POP,Percentage of population,_Z,Not applicable,2017,,10,,A,Normal value,0,Units,,
DATAFLOW,OECD.ELS.HD:DSD_HEALTH_LVNG@DF_HEALTH_LVNG_TC(1.0),Tobacco consumption,I,CAN,Canada,A,Annual,SP_DS,Share of population who are daily smokers,Y_GE15,15 years or over,F,Female,PT_POP,Percentage of population,_Z,Not applicable,2016,,10.8,,A,Normal value,0,Units,,
DATAFLOW,OECD.ELS.HD:DSD_HEALTH_LVNG@DF_HEALTH_LVNG_TC(1.0),Tobacco consumption,I,CAN,Canada,A,Annual,SP_DS,Share of population who are daily smokers,Y_GE15,15 years or over,F,Female,PT_POP,Percentage of population,_Z,Not applicable,2015,,11.3,,B,Time series break,0,Units,,
DATAFLOW,OECD.ELS.HD:DSD_HEALTH_LVNG@DF_HEALTH_LVNG_TC(1.0),Tobacco consumption,I,CAN,Canada,A,Annual,SP_DS,Share of population who are daily smokers,Y_GE15,15 years or over,F,Female,PT_POP,Percentage of population,_Z,Not applicable,2014,,11.7,,A,Normal value,0,Units,,
DATAFLOW,OECD.ELS.HD:DSD_HEALTH_LVNG@DF_HEALTH_LVNG_TC(1.0),Tobacco consumption,I,CAN,Canada,A,Annual,SP_DS,Share of population who are daily smokers,Y_GE15,15 years or over,F,Female,PT_POP,Percentage of population,_Z,Not applicable,2013,,12.9,,A,Normal value,0,Units,,
DATAFLOW,OECD.ELS.HD:DSD_HEALTH_LVNG@DF_HEALTH_LVNG_TC(1.0),Tobacco consumption,I,CAN,Canada,A,Annual,SP_DS,Share of population who are daily smokers,Y_GE15,15 years or over,F,Female,PT_POP,Percentage of population,_Z,Not applicable,2012,,13.5,,A,Normal value,0,Units,,
DATAFLOW,OECD.ELS.HD:DSD_HEALTH_LVNG@DF_HEALTH_LVNG_TC(1.0),Tobacco consumption,I,CAN,Canada,A,Annual,SP_DS,Share of population who are daily smokers,Y_GE15,15 years or over,F,Female,PT_POP,Percentage of population,_Z,Not applicable,2011,,14,,A,Normal value,0,Units,,
DATAFLOW,OECD.ELS.HD:DSD_HEALTH_LVNG@DF_HEALTH_LVNG_TC(1.0),Tobacco consumption,I,CAN,Canada,A,Annual,SP_DS,Share of population who are daily smokers,Y_GE15,15 years or over,F,Female,PT_POP,Percentage of population,_Z,Not applicable,2010,,13.7,,A,Normal value,0,Units,,
DATAFLOW,OECD.ELS.HD:DSD_HEALTH_LVNG@DF_HEALTH_LVNG_TC(1.0),Tobacco consumption,I,CAN,Canada,A,Annual,SP_DS,Share of population who are daily smokers,Y_GE15,15 years or over,F,Female,PT_POP,Percentage of population,_Z,Not applicable,2009,,14.2,,A,Normal value,0,Units,,
DATAFLOW,OECD.ELS.HD:DSD_HEALTH_LVNG@DF_HEALTH_LVNG_TC(1.0),Tobacco consumption,I,CAN,Canada,A,Annual,SP_DS,Share of population who are daily smokers,Y_GE15,15 years or over,F,Female,PT_POP,Percentage of population,_Z,Not applicable,2008,,15.1,,A,Normal value,0,Units,,
DATAFLOW,OECD.ELS.HD:DSD_HEALTH_LVNG@DF_HEALTH_LVNG_TC(1.0),Tobacco consumption,I,CAN,Canada,A,Annual,SP_DS,Share of population who are daily smokers,Y_GE15,15 years or over,F,Female,PT_POP,Percentage of population,_Z,Not applicable,2007,,16.1,,A,Normal value,0,Units,,
DATAFLOW,OECD.ELS.HD:DSD_HEALTH_LVNG@DF_HEALTH_LVNG_TC(1.0),Tobacco consumption,I,CAN,Canada,A,Annual,SP_DS,Share of population who are daily smokers,Y_GE15,15 years or over,F,Female,PT_POP,Percentage of population,_Z,Not applicable,2005,,15.6,,A,Normal value,0,Units,,
DATAFLOW,OECD.ELS.HD:DSD_HEALTH_LVNG@DF_HEALTH_LVNG_TC(1.0),Tobacco consumption,I,CAN,Canada,A,Annual,SP_DS,Share of population who are daily smokers,Y_GE15,15 years or over,F,Female,PT_POP,Percentage of population,_Z,Not applicable,2003,,17,,A,Normal value,0,Units,,
DATAFLOW,OECD.ELS.HD:DSD_HEALTH_LVNG@DF_HEALTH_LVNG_TC(1.0),Tobacco consumption,I,CAN,Canada,A,Annual,SP_DS,Share of population who are daily smokers,Y_GE15,15 years or over,F,Female,PT_POP,Percentage of population,_Z,Not applicable,2001,,20.2,,A,Normal value,0,Units,,
DATAFLOW,OECD.ELS.HD:DSD_HEALTH_LVNG@DF_HEALTH_LVNG_TC(1.0),Tobacco consumption,I,CAN,Canada,A,Annual,SP_DS,Share of population who are daily smokers,Y_GE15,15 years or over,F,Female,PT_POP,Percentage of population,_Z,Not applicable,1998,,22.3,,A,Normal value,0,Units,,
DATAFLOW,OECD.ELS.HD:DSD_HEALTH_LVNG@DF_HEALTH_LVNG_TC(1.0),Tobacco consumption,I,JPN,Japan,A,Annual,SP_DS,Share of population who are daily smokers,Y_GE15,15 years or over,F,Female,PT_POP,Percentage of population,_Z,Not applicable,2018,,8.1,,A,Normal value,0,Units,,
DATAFLOW,OECD.ELS.HD:DSD_HEALTH_LVNG@DF_HEALTH_LVNG_TC(1.0),Tobacco consumption,I,JPN,Japan,A,Annual,SP_DS,Share of population who are daily smokers,Y_GE15,15 years or over,F,Female,PT_POP,Percentage of population,_Z,Not applicable,2017,,7.2,,A,Normal value,0,Units,,
DATAFLOW,OECD.ELS.HD:DSD_HEALTH_LVNG@DF_HEALTH_LVNG_TC(1.0),Tobacco consumption,I,JPN,Japan,A,Annual,SP_DS,Share of population who are daily smokers,Y_GE15,15 years or over,F,Female,PT_POP,Percentage of population,_Z,Not applicable,2016,,8.2,,A,Normal value,0,Units,,
DATAFLOW,OECD.ELS.HD:DSD_HEALTH_LVNG@DF_HEALTH_LVNG_TC(1.0),Tobacco consumption,I,JPN,Japan,A,Annual,SP_DS,Share of population who are daily smokers,Y_GE15,15 years or over,F,Female,PT_POP,Percentage of population,_Z,Not applicable,2015,,7.9,,A,Normal value,0,Units,,
DATAFLOW,OECD.ELS.HD:DSD_HEALTH_LVNG@DF_HEALTH_LVNG_TC(1.0),Tobacco consumption,I,JPN,Japan,A,Annual,SP_DS,Share of population who are daily smokers,Y_GE15,15 years or over,F,Female,PT_POP,Percentage of population,_Z,Not applicable,2014,,8.5,,A,Normal value,0,Units,,
DATAFLOW,OECD.ELS.HD:DSD_HEALTH_LVNG@DF_HEALTH_LVNG_TC(1.0),Tobacco consumption,I,CAN,Canada,A,Annual,SP_DS,Share of population who are daily smokers,Y15T24,From 15 to 24 years,F,Female,PT_POP,Percentage of population,_Z,Not applicable,2009,,12.3,,A,Normal value,0,Units,,
DATAFLOW,OECD.ELS.HD:DSD_HEALTH_LVNG@DF_HEALTH_LVNG_TC(1.0),Tobacco consumption,I,JPN,Japan,A,Annual,SP_DS,Share of population who are daily smokers,Y_GE15,15 years or over,F,Female,PT_POP,Percentage of population,_Z,Not applicable,2013,,8.2,,A,Normal value,0,Units,,
